base_graph_id,scenario_id,assessment_missing_rate,signal_profile,base_replicate_index,observation_ratio,observation_ratio_percent,observed_edge_count,missing_edge_count,Method,missing_edge_MAE,E_c,E_w,E_x,scenario_global_observed_edge_mean,node_mean_global_fallback_count,completed_edge_matrix_sha256,observation_mask_sha256
G01,ROB_G01_R40,0.1,baseline,0,0.4,40,36,54,Raw-GAT,0.1575572839128414,6.3356480193112255,0.17061349676574156,0.002701459600371056,0.3614219448478554,0,5699e0be9fc232552d16b9a2b25d8a953fb8cf24770d3ff7869e21137d07e498,c5b969201f3c3cd3b05137c3a6132156753ffed6d68d2afe9502b8c91ac82251
G01,ROB_G01_R40,0.1,baseline,0,0.4,40,36,54,GlobalMean,0.15897791504909492,6.433199182048531,0.17359227506682842,0.0027285528110621107,0.3614219448478554,0,6962f26d82d4e628f69eeb48f61e9f77b5cb5e0e0c09890cf6ea163be8a94cb2,c5b969201f3c3cd3b05137c3a6132156753ffed6d68d2afe9502b8c91ac82251
G01,ROB_G01_R40,0.1,baseline,0,0.4,40,36,54,NodeMean,0.1484734833446357,5.652636101309668,0.1573405047611395,0.0037985073979880575,0.3614219448478554,0,4db12df0dfdf7bf1c27f53ec0026439466d6e8091ea2db5ec4a40601e1024bc6,c5b969201f3c3cd3b05137c3a6132156753ffed6d68d2afe9502b8c91ac82251
G01,ROB_G01_R40,0.1,baseline,0,0.4,40,36,54,ASGC,0.1575572839128414,5.561022069072241,0.15514424527451648,0.002429775537053976,0.3614219448478554,0,5699e0be9fc232552d16b9a2b25d8a953fb8cf24770d3ff7869e21137d07e498,c5b969201f3c3cd3b05137c3a6132156753ffed6d68d2afe9502b8c91ac82251
G01,ROB_G01_R55,0.1,baseline,0,0.55,55,50,40,Raw-GAT,0.15506138314367485,4.584820137910853,0.12572316083994628,0.002362595227331995,0.3831776459450565,0,47ce9fd39dcc5bfaa8e971a548aebeadf603483cd0c9ad3b270ee1c90ca70b61,7578c7b1f341d161529e85e889f8e680faa6b7aaff79792c49e9081dbec4c192
G01,ROB_G01_R55,0.1,baseline,0,0.55,55,50,40,GlobalMean,0.15783523248631176,4.959627430663478,0.13461133069315867,0.002412144823060284,0.3831776459450565,0,6ed75ed402aebdaa7cebbf91d8d65a774b0bccf12e33642522bd7252bc3d6a71,7578c7b1f341d161529e85e889f8e680faa6b7aaff79792c49e9081dbec4c192
G01,ROB_G01_R55,0.1,baseline,0,0.55,55,50,40,NodeMean,0.12969786776586212,2.872044194500588,0.07853714767811693,0.0012678647539890507,0.3831776459450565,0,78aec9a5f29b4843fd4a7f5647659bc725e12729aa1741c7b1f810537388892c,7578c7b1f341d161529e85e889f8e680faa6b7aaff79792c49e9081dbec4c192
G01,ROB_G01_R55,0.1,baseline,0,0.55,55,50,40,ASGC,0.15506138314367485,3.472379935468526,0.09596713231046158,0.0017644946616648671,0.3831776459450565,0,47ce9fd39dcc5bfaa8e971a548aebeadf603483cd0c9ad3b270ee1c90ca70b61,7578c7b1f341d161529e85e889f8e680faa6b7aaff79792c49e9081dbec4c192
G01,ROB_G01_R70,0.1,baseline,0,0.7,70,63,27,Raw-GAT,0.14978551354487185,3.2360045878405033,0.09748148966977782,0.0017368937119240236,0.37950051373894705,0,7bbe80a85be15fd68a4363bb6e41e48211c233a6789c8566586ff505b4d6bb81,94b9672cfb369f2105372e0f70d466d0b85d95fc10a53e5b45157a3363ccbf9d
G01,ROB_G01_R70,0.1,baseline,0,0.7,70,63,27,GlobalMean,0.14959843382974386,3.232936080991567,0.09705781620856921,0.0017204386560636675,0.37950051373894705,0,aa2ed806ba40738d48e72ca52eeb86a69416964584f2901fe9bc32f6b08b2a92,94b9672cfb369f2105372e0f70d466d0b85d95fc10a53e5b45157a3363ccbf9d
G01,ROB_G01_R70,0.1,baseline,0,0.7,70,63,27,NodeMean,0.13519581925822685,2.727590347605898,0.07995329547301991,0.00152997045106469,0.37950051373894705,0,fbd2ed9913d76d27d0298d00fce919ef0c6f2658dc91d0caf4f86202dc5f8360,94b9672cfb369f2105372e0f70d466d0b85d95fc10a53e5b45157a3363ccbf9d
G01,ROB_G01_R70,0.1,baseline,0,0.7,70,63,27,ASGC,0.14978551354487185,2.446432972236331,0.07465770861765349,0.0015672492066479214,0.37950051373894705,0,7bbe80a85be15fd68a4363bb6e41e48211c233a6789c8566586ff505b4d6bb81,94b9672cfb369f2105372e0f70d466d0b85d95fc10a53e5b45157a3363ccbf9d
G02,ROB_G02_R40,0.1,baseline,1,0.4,40,36,54,Raw-GAT,0.13008899529504403,3.6264640903409426,0.0755665435227941,0.003434230812116242,0.4745501857136699,0,0f2bb67f5378544d0238bb7c6158e3dcb16b488d35dbc133f2e0b4078b57876d,3fbd51f7e1a43733763925b693fcd3633d3aebb110266eba4348fb1f3a6cec50
G02,ROB_G02_R40,0.1,baseline,1,0.4,40,36,54,GlobalMean,0.14331741587667163,4.267671529789128,0.08460154079804263,0.003931061676442927,0.4745501857136699,0,d1e0e1030f300fa13800dc29a3676762cc5f67d59cba3c5ef306aa0f564e75e4,3fbd51f7e1a43733763925b693fcd3633d3aebb110266eba4348fb1f3a6cec50
G02,ROB_G02_R40,0.1,baseline,1,0.4,40,36,54,NodeMean,0.15455135195403927,5.596242311354437,0.11352838413354273,0.0024111471188723106,0.4745501857136699,0,fe3047cda92bd03402602d90a5dad43297945e5ba6742654627ae1aea23cef64,3fbd51f7e1a43733763925b693fcd3633d3aebb110266eba4348fb1f3a6cec50
G02,ROB_G02_R40,0.1,baseline,1,0.4,40,36,54,ASGC,0.13008899529504403,3.722914781360703,0.07336444630818269,0.0032090805951982323,0.4745501857136699,0,0f2bb67f5378544d0238bb7c6158e3dcb16b488d35dbc133f2e0b4078b57876d,3fbd51f7e1a43733763925b693fcd3633d3aebb110266eba4348fb1f3a6cec50
G02,ROB_G02_R55,0.1,baseline,1,0.55,55,50,40,Raw-GAT,0.15581082579885935,4.504229623158637,0.08225542459568361,0.0037264677753046592,0.4756451923679502,0,52043883b1c15bea1e19bd3b680bd062b940d51d22dc512f9fa2ac8e646507e7,a14e2656039bfa08b8c12fe48eb7655e3797d3b93726537a1a303d4d6193c25a
G02,ROB_G02_R55,0.1,baseline,1,0.55,55,50,40,GlobalMean,0.1457312650132913,3.854069446228557,0.0746865389890588,0.0036031019236056274,0.4756451923679502,0,696475d477ae8b5d4617497da7fadb06bedfee894a09fdd447c27b26965f505f,a14e2656039bfa08b8c12fe48eb7655e3797d3b93726537a1a303d4d6193c25a
G02,ROB_G02_R55,0.1,baseline,1,0.55,55,50,40,NodeMean,0.14880672618098903,3.9326710095284354,0.08107565016620266,0.0036561491150704823,0.4756451923679502,0,7c754d1f77b2a62f48c3349a14ca1b5e8d9b5b6c04ffbac19fb15bbabcd369cd,a14e2656039bfa08b8c12fe48eb7655e3797d3b93726537a1a303d4d6193c25a
G02,ROB_G02_R55,0.1,baseline,1,0.55,55,50,40,ASGC,0.15581082579885935,3.852717504744899,0.07093110175203146,0.0035894831259685404,0.4756451923679502,0,52043883b1c15bea1e19bd3b680bd062b940d51d22dc512f9fa2ac8e646507e7,a14e2656039bfa08b8c12fe48eb7655e3797d3b93726537a1a303d4d6193c25a
G02,ROB_G02_R70,0.1,baseline,1,0.7,70,63,27,Raw-GAT,0.1403776987453877,2.562519158972022,0.04714461507989322,0.002743857011854781,0.48028394306554556,0,c77efda3d3a6d0a6d1bad8a43e8e2eb710ddaad7da7159ceb90afe92ec9fd345,89db1e946d22419aaff043f73a571e63cc76862597e23fb9a64bd9a27d0aad82
G02,ROB_G02_R70,0.1,baseline,1,0.7,70,63,27,GlobalMean,0.13785973525910045,2.185187529652328,0.04425925755668293,0.002519410276859505,0.48028394306554556,0,4db51e3af1896e692b53f21ca26b75d28e23abe9f302176df718b931491be4eb,89db1e946d22419aaff043f73a571e63cc76862597e23fb9a64bd9a27d0aad82
G02,ROB_G02_R70,0.1,baseline,1,0.7,70,63,27,NodeMean,0.1509022152314568,2.8010259091979055,0.07174592543743769,0.0023521878582767595,0.48028394306554556,0,8c1bbf18e4254f257a013d67463c47a267c629e53656fd6b124bfa7b7379f401,89db1e946d22419aaff043f73a571e63cc76862597e23fb9a64bd9a27d0aad82
G02,ROB_G02_R70,0.1,baseline,1,0.7,70,63,27,ASGC,0.1403776987453877,2.106177061192274,0.05166814224284419,0.002257760689890604,0.48028394306554556,0,c77efda3d3a6d0a6d1bad8a43e8e2eb710ddaad7da7159ceb90afe92ec9fd345,89db1e946d22419aaff043f73a571e63cc76862597e23fb9a64bd9a27d0aad82
G03,ROB_G03_R40,0.1,two_camp_moderate,0,0.4,40,36,54,Raw-GAT,0.1880192120776479,7.6323023540543105,0.14043293626421371,0.018234093193348313,0.5397794555370535,0,d5c2e12b52c489659716a50dc7f0504a8dd5a9b0848dda7bd1538f5fa1657384,cbc042756813c17e5e30c7fc637b88d18eb2edbd5441b037824d88545be6b142
G03,ROB_G03_R40,0.1,two_camp_moderate,0,0.4,40,36,54,GlobalMean,0.1493526684438726,4.492306266682091,0.09317621457448975,0.005051779722724767,0.5397794555370535,0,bcc6201300a1b76286aed5869c12752c278f2fa600a6fb74f90e4c4f07ec7dae,cbc042756813c17e5e30c7fc637b88d18eb2edbd5441b037824d88545be6b142
G03,ROB_G03_R40,0.1,two_camp_moderate,0,0.4,40,36,54,NodeMean,0.17740113104451202,6.7591385013352365,0.13675517623960107,0.012353268866078898,0.5397794555370535,0,8b577728a029da465ff16672bb43ae88b0a5df31e812a5971765621980c1b218,cbc042756813c17e5e30c7fc637b88d18eb2edbd5441b037824d88545be6b142
G03,ROB_G03_R40,0.1,two_camp_moderate,0,0.4,40,36,54,ASGC,0.1880192120776479,5.12236023215913,0.10912698394599792,0.010773720618647365,0.5397794555370535,0,d5c2e12b52c489659716a50dc7f0504a8dd5a9b0848dda7bd1538f5fa1657384,cbc042756813c17e5e30c7fc637b88d18eb2edbd5441b037824d88545be6b142
G03,ROB_G03_R55,0.1,two_camp_moderate,0,0.55,55,50,40,Raw-GAT,0.14685353719130978,3.3449911857415686,0.0638733692774826,0.008661200305663998,0.5479511306821147,0,e0edec4c739f4ce94d7e171b6a1f0f7aebff0367ccd04e38e2cb1229816268d9,6a9dfd2382f5a228f1052729e4e3b25b1666b3bb1906ff7a596c309e4f3e278f
G03,ROB_G03_R55,0.1,two_camp_moderate,0,0.55,55,50,40,GlobalMean,0.14620155196574408,2.91980426088831,0.06410246099337123,0.0056021547378285194,0.5479511306821147,0,436343d59b84d06b05794b23c945f53959416ef5ffbe8656561a1c9cdda7297f,6a9dfd2382f5a228f1052729e4e3b25b1666b3bb1906ff7a596c309e4f3e278f
G03,ROB_G03_R55,0.1,two_camp_moderate,0,0.55,55,50,40,NodeMean,0.18097923740756255,5.363015397153928,0.10029445784523329,0.009228605924397464,0.5479511306821147,0,9170dcb3bf3c30cbec705291280acb2851244efc9c47fd072c185863179b0a48,6a9dfd2382f5a228f1052729e4e3b25b1666b3bb1906ff7a596c309e4f3e278f
G03,ROB_G03_R55,0.1,two_camp_moderate,0,0.55,55,50,40,ASGC,0.14685353719130978,3.1381194264912207,0.07131967789341619,0.0076154386031081,0.5479511306821147,0,e0edec4c739f4ce94d7e171b6a1f0f7aebff0367ccd04e38e2cb1229816268d9,6a9dfd2382f5a228f1052729e4e3b25b1666b3bb1906ff7a596c309e4f3e278f
G03,ROB_G03_R70,0.1,two_camp_moderate,0,0.7,70,63,27,Raw-GAT,0.13112881886015273,2.250698559539121,0.053032446526497246,0.00677326981441199,0.542524677054503,0,44af0589a7b06b61ae3bac1ddd9b91ca06bb6a32f3cb22cddfe47d22654b58af,2b3f1b0aa98cd361766b9fc1f0408603df05f4549569cbb9000ed2fb70fd7019
G03,ROB_G03_R70,0.1,two_camp_moderate,0,0.7,70,63,27,GlobalMean,0.1492146554648519,2.645872150371922,0.04851837090069225,0.004403737497411484,0.542524677054503,0,16bc07a9a1e52933fcbba829208b3c8db4941a759d44b2de3ff6a648b4178735,2b3f1b0aa98cd361766b9fc1f0408603df05f4549569cbb9000ed2fb70fd7019
G03,ROB_G03_R70,0.1,two_camp_moderate,0,0.7,70,63,27,NodeMean,0.16737303011261417,3.0801521836512715,0.06054244176252872,0.005054601758864906,0.542524677054503,0,ab6c1ade04530d41db76954609f73935be30fe1b831d3bacf21d762ffd8218f0,2b3f1b0aa98cd361766b9fc1f0408603df05f4549569cbb9000ed2fb70fd7019
G03,ROB_G03_R70,0.1,two_camp_moderate,0,0.7,70,63,27,ASGC,0.13112881886015273,2.3396108093964054,0.043958822135450645,0.004382823057708975,0.542524677054503,0,44af0589a7b06b61ae3bac1ddd9b91ca06bb6a32f3cb22cddfe47d22654b58af,2b3f1b0aa98cd361766b9fc1f0408603df05f4549569cbb9000ed2fb70fd7019
G04,ROB_G04_R40,0.1,two_camp_moderate,1,0.4,40,36,54,Raw-GAT,0.17870775330180977,5.4739669726238995,0.11004788344662428,0.0028932667994866564,0.5138454631753883,0,81770895471b9f7aace1c06c68b6b92da8c0e78ea0773b06bb4d63c1d4c31378,ffe887dc50c1bcc20e419e0734641a6418704a2bc014aa9c58338f905ce609d8
G04,ROB_G04_R40,0.1,two_camp_moderate,1,0.4,40,36,54,GlobalMean,0.17025647301938918,5.224573882801094,0.11215822487739871,0.00296834721633291,0.5138454631753883,0,6e480915e590cf823fba49b4df3179d4a53ca94be0834534c5420e5270024834,ffe887dc50c1bcc20e419e0734641a6418704a2bc014aa9c58338f905ce609d8
G04,ROB_G04_R40,0.1,two_camp_moderate,1,0.4,40,36,54,NodeMean,0.17662884521425412,5.0023223750922465,0.09850193537324385,0.011184518802126347,0.5138454631753883,0,011b6170fb914064b2355cb607f0c6310bc19aaa8ff726f49f85ccd31e4ac64f,ffe887dc50c1bcc20e419e0734641a6418704a2bc014aa9c58338f905ce609d8
G04,ROB_G04_R40,0.1,two_camp_moderate,1,0.4,40,36,54,ASGC,0.17870775330180977,3.9214374480830294,0.09389848668473534,0.005842992908524462,0.5138454631753883,0,81770895471b9f7aace1c06c68b6b92da8c0e78ea0773b06bb4d63c1d4c31378,ffe887dc50c1bcc20e419e0734641a6418704a2bc014aa9c58338f905ce609d8
G04,ROB_G04_R55,0.1,two_camp_moderate,1,0.55,55,50,40,Raw-GAT,0.1879809511048945,4.6946637003960126,0.0981757428658246,0.0036789738778245456,0.4991899238442185,0,48f31a5c88443990eaebb4400c27bc919b3b298820dbe3ea7c3b9c0824290761,8638fe90de20bbb2502834c55d4c518d9203767b830ad1b8190d26eee3085325
G04,ROB_G04_R55,0.1,two_camp_moderate,1,0.55,55,50,40,GlobalMean,0.1840060968296593,4.477966563638757,0.09948306399755334,0.003822543647678378,0.4991899238442185,0,a4dba0a844c2889c753abc3762dea47cab4adf95f73ad294db20a993100f31e7,8638fe90de20bbb2502834c55d4c518d9203767b830ad1b8190d26eee3085325
G04,ROB_G04_R55,0.1,two_camp_moderate,1,0.55,55,50,40,NodeMean,0.1792064260554432,3.3568273199083474,0.08578935868626654,0.009359873017450145,0.4991899238442185,0,365e3e220b01636b150cde42c8f92d228b5745ef7366d370a2d6348719e696b1,8638fe90de20bbb2502834c55d4c518d9203767b830ad1b8190d26eee3085325
G04,ROB_G04_R55,0.1,two_camp_moderate,1,0.55,55,50,40,ASGC,0.1879809511048945,3.9814851029240015,0.08862518289126155,0.006796392856308738,0.4991899238442185,0,48f31a5c88443990eaebb4400c27bc919b3b298820dbe3ea7c3b9c0824290761,8638fe90de20bbb2502834c55d4c518d9203767b830ad1b8190d26eee3085325
G04,ROB_G04_R70,0.1,two_camp_moderate,1,0.7,70,63,27,Raw-GAT,0.1754750105905369,3.0661655567254464,0.06097049420027281,0.003297786086159311,0.4921249439759088,0,e0b3c4d8805295e04b14728819d362bbbe8e312928cad5e49f5f65eced9bd0b7,761fa5b8059a94317e9f45a37113fb2de77908132afa83e0e0af0741c7207bb4
G04,ROB_G04_R70,0.1,two_camp_moderate,1,0.7,70,63,27,GlobalMean,0.17177312080393564,2.9424118685899754,0.060979752151799155,0.0031949576343139746,0.4921249439759088,0,bf72a46446048cf474666679ff64663b09b4b9a64973d4b3520f15bf95f10569,761fa5b8059a94317e9f45a37113fb2de77908132afa83e0e0af0741c7207bb4
G04,ROB_G04_R70,0.1,two_camp_moderate,1,0.7,70,63,27,NodeMean,0.17600999692002914,2.2932066745479553,0.049343888895626624,0.002620322163026576,0.4921249439759088,0,40cc1b35f0f50fa347b5c540c115732a6e5dda43f5c215b6b0eb08962ab03706,761fa5b8059a94317e9f45a37113fb2de77908132afa83e0e0af0741c7207bb4
G04,ROB_G04_R70,0.1,two_camp_moderate,1,0.7,70,63,27,ASGC,0.1754750105905369,2.37722975734183,0.05322074400410296,0.00201658747292347,0.4921249439759088,0,e0b3c4d8805295e04b14728819d362bbbe8e312928cad5e49f5f65eced9bd0b7,761fa5b8059a94317e9f45a37113fb2de77908132afa83e0e0af0741c7207bb4
G05,ROB_G05_R40,0.1,two_camp_severe,0,0.4,40,36,54,Raw-GAT,0.16442245795180735,5.6603635065104,0.12040696370726506,0.013725683400289276,0.41364974376065433,0,502a5a1ac764fb10756e3cedf781222b1b77b3372a2539f22ae759aebaf02df4,f4b569f65bfac56554adcbf7374d251f88a9793a86f65a75d02d1a85d8dd77af
G05,ROB_G05_R40,0.1,two_camp_severe,0,0.4,40,36,54,GlobalMean,0.17469080762473552,6.757020420326292,0.11833890538219634,0.013821154263584469,0.41364974376065433,0,9171b716dad3e257a6ac6212e5c5cb9502c36a2d678dfe4730c1a7ef86e558e5,f4b569f65bfac56554adcbf7374d251f88a9793a86f65a75d02d1a85d8dd77af
G05,ROB_G05_R40,0.1,two_camp_severe,0,0.4,40,36,54,NodeMean,0.17024892325584517,6.388879337755155,0.16101124230587466,0.015219642462784547,0.41364974376065433,0,30df7f0e50f082a6c82d9b090e315126320ee32d95200e986bffd2bb39ce7c33,f4b569f65bfac56554adcbf7374d251f88a9793a86f65a75d02d1a85d8dd77af
G05,ROB_G05_R40,0.1,two_camp_severe,0,0.4,40,36,54,ASGC,0.16442245795180735,5.244819475393939,0.13299690847662965,0.014757847730833851,0.41364974376065433,0,502a5a1ac764fb10756e3cedf781222b1b77b3372a2539f22ae759aebaf02df4,f4b569f65bfac56554adcbf7374d251f88a9793a86f65a75d02d1a85d8dd77af
G05,ROB_G05_R55,0.1,two_camp_severe,0,0.55,55,50,40,Raw-GAT,0.22257847482168377,7.412230845578542,0.11265275707019684,0.013661307470314544,0.42123522495946775,0,4ea2c3b9ed8ee3496ee287763dd2d922affdda69cb84cf5c1238562dea7a5640,6ef5af336e834bf4f0fa7d64dc65bb78375ccf7f7eb9b1c62d0f62a3dd067dc9
G05,ROB_G05_R55,0.1,two_camp_severe,0,0.55,55,50,40,GlobalMean,0.18406060993376885,5.497813921173855,0.10507409262215256,0.01247615493554057,0.42123522495946775,0,b5e92f4fd91799b0279a82a8f72aa35ec3ae332709132774ed222ea63e9cc462,6ef5af336e834bf4f0fa7d64dc65bb78375ccf7f7eb9b1c62d0f62a3dd067dc9
G05,ROB_G05_R55,0.1,two_camp_severe,0,0.55,55,50,40,NodeMean,0.17380522011117852,4.621860273754148,0.11587168674857394,0.012511050824020044,0.42123522495946775,0,132332082c8f30be99d21583687cd37de11fccb5cfa90173e6adaa159b35101c,6ef5af336e834bf4f0fa7d64dc65bb78375ccf7f7eb9b1c62d0f62a3dd067dc9
G05,ROB_G05_R55,0.1,two_camp_severe,0,0.55,55,50,40,ASGC,0.22257847482168377,4.3916742880208215,0.10725412923440812,0.012547050294476454,0.42123522495946775,0,4ea2c3b9ed8ee3496ee287763dd2d922affdda69cb84cf5c1238562dea7a5640,6ef5af336e834bf4f0fa7d64dc65bb78375ccf7f7eb9b1c62d0f62a3dd067dc9
G05,ROB_G05_R70,0.1,two_camp_severe,0,0.7,70,63,27,Raw-GAT,0.17461180641552687,3.0896644464290257,0.07294952213034457,0.005504289085051638,0.445257296245295,0,de36bef2b4f71821d84b4d7b92558b52ff9452b21a859f7c65ec133bd701aa43,61768a600d404234299239926d1714d2ffe55af5a776b0b234dd0497b324b43a
G05,ROB_G05_R70,0.1,two_camp_severe,0,0.7,70,63,27,GlobalMean,0.179976995237604,3.0249249063609387,0.07136909250662649,0.004872989426420779,0.445257296245295,0,503276eb069bfe81430f4314eebce665fda14c47833b2320fe05960fb7927ec7,61768a600d404234299239926d1714d2ffe55af5a776b0b234dd0497b324b43a
G05,ROB_G05_R70,0.1,two_camp_severe,0,0.7,70,63,27,NodeMean,0.16198842938034821,2.1722563386581273,0.05320144214148513,0.001472872389981406,0.445257296245295,0,058002162e1ccdd3431f54a52ab440646de19390b26f6b166b85c41fb0f0598f,61768a600d404234299239926d1714d2ffe55af5a776b0b234dd0497b324b43a
G05,ROB_G05_R70,0.1,two_camp_severe,0,0.7,70,63,27,ASGC,0.17461180641552687,2.279529787881911,0.05877021333198923,0.002112876274371244,0.445257296245295,0,de36bef2b4f71821d84b4d7b92558b52ff9452b21a859f7c65ec133bd701aa43,61768a600d404234299239926d1714d2ffe55af5a776b0b234dd0497b324b43a
G06,ROB_G06_R40,0.1,two_camp_severe,1,0.4,40,36,54,Raw-GAT,0.14590809425363624,4.3459682153371535,0.08624455726679717,0.0167661106035415,0.48296121300754713,0,88bdad9712079221ab21b57d28bd7fdf11fdff8912cbebba0ddd44743d3349d1,b7abae576fc5e571f71358eaaf976c20b50660af1d50f25596cea1555939cdad
G06,ROB_G06_R40,0.1,two_camp_severe,1,0.4,40,36,54,GlobalMean,0.14260132285413238,4.514492417841677,0.09532830727429313,0.018161391671388107,0.48296121300754713,0,38720c761416f3f10a2ffe1abf64fcc66894d067c2ea84b133450e04d2c1a673,b7abae576fc5e571f71358eaaf976c20b50660af1d50f25596cea1555939cdad
G06,ROB_G06_R40,0.1,two_camp_severe,1,0.4,40,36,54,NodeMean,0.13059596462018103,3.382214459195576,0.07480451970297033,0.002673571076032765,0.48296121300754713,0,869f7883cf6991dd043b5d48d1412903d89479709934be0a3cff84d8a34194a5,b7abae576fc5e571f71358eaaf976c20b50660af1d50f25596cea1555939cdad
G06,ROB_G06_R40,0.1,two_camp_severe,1,0.4,40,36,54,ASGC,0.14590809425363624,3.615798657550926,0.06916190286908383,0.01051652165291588,0.48296121300754713,0,88bdad9712079221ab21b57d28bd7fdf11fdff8912cbebba0ddd44743d3349d1,b7abae576fc5e571f71358eaaf976c20b50660af1d50f25596cea1555939cdad
G06,ROB_G06_R55,0.1,two_camp_severe,1,0.55,55,50,40,Raw-GAT,0.14566967442814596,3.4697911979327793,0.07839534047946929,0.01671422810753716,0.476279775674481,0,6b94dec606d939d1db9dbc890fb96dc3acefb0d93b8a5e6f9eb972f68b04ebbf,699b1eaa31e227794f34c17f085840e73d043f0299f47bcd3e4c7cb84cd838f2
G06,ROB_G06_R55,0.1,two_camp_severe,1,0.55,55,50,40,GlobalMean,0.14843245568352348,4.08267530881972,0.07609260009342325,0.01538936606212545,0.476279775674481,0,51e0756c904217d92b46d4659fd6e95290d786191497e6286fc1d597eef8294d,699b1eaa31e227794f34c17f085840e73d043f0299f47bcd3e4c7cb84cd838f2
G06,ROB_G06_R55,0.1,two_camp_severe,1,0.55,55,50,40,NodeMean,0.1312620563975213,2.7739551777326583,0.05216620142311316,0.002375159019578943,0.476279775674481,0,c18a0793ae6bb7e2b55be47548e1851519dca554af7bd3efb3cc17715e71bbd8,699b1eaa31e227794f34c17f085840e73d043f0299f47bcd3e4c7cb84cd838f2
G06,ROB_G06_R55,0.1,two_camp_severe,1,0.55,55,50,40,ASGC,0.14566967442814596,3.0538656613083393,0.053615387162734375,0.009652866580035835,0.476279775674481,0,6b94dec606d939d1db9dbc890fb96dc3acefb0d93b8a5e6f9eb972f68b04ebbf,699b1eaa31e227794f34c17f085840e73d043f0299f47bcd3e4c7cb84cd838f2
G06,ROB_G06_R70,0.1,two_camp_severe,1,0.7,70,63,27,Raw-GAT,0.16183019519855324,2.6474947725723315,0.06318546452725346,0.012589834982203304,0.4997348326194841,0,e4814e8f87c33f6deaa9ecb7b53a56cba16338f6af3525cf7aa28caa90a69716,651b55081a21d91a315a4e071283ca983301c5aa9e53403bf78f0a04d9238c53
G06,ROB_G06_R70,0.1,two_camp_severe,1,0.7,70,63,27,GlobalMean,0.1611114236399363,2.9254953125197627,0.06797189893146456,0.015250799069685886,0.4997348326194841,0,959d983519c0b028e0686af170bccdc365c2c775b91aac68a103e493a75ed7a2,651b55081a21d91a315a4e071283ca983301c5aa9e53403bf78f0a04d9238c53
G06,ROB_G06_R70,0.1,two_camp_severe,1,0.7,70,63,27,NodeMean,0.1467975496321143,2.2791174844774265,0.051423184488234804,0.0036789499706996035,0.4997348326194841,0,99869e32f82e0bfe410bd3d63c181d0a45e2801a557f0952f42721cf85708eb2,651b55081a21d91a315a4e071283ca983301c5aa9e53403bf78f0a04d9238c53
G06,ROB_G06_R70,0.1,two_camp_severe,1,0.7,70,63,27,ASGC,0.16183019519855324,2.64603888971352,0.06092437700513136,0.009156577894336429,0.4997348326194841,0,e4814e8f87c33f6deaa9ecb7b53a56cba16338f6af3525cf7aa28caa90a69716,651b55081a21d91a315a4e071283ca983301c5aa9e53403bf78f0a04d9238c53
G07,ROB_G07_R40,0.1,minority_outlier,0,0.4,40,36,54,Raw-GAT,0.16748094796368435,4.87118385036903,0.08819123951063186,0.0024178342257457,0.5763569214000902,0,36adfc6eaf9917a1f0dc4d168967b034a825bedbc375d491d3bdd0b51eec5c4f,386022f2b92324fcb515f68583b6f252d02ffab9b03848c5f99e0166d97e3617
G07,ROB_G07_R40,0.1,minority_outlier,0,0.4,40,36,54,GlobalMean,0.15797765814894701,4.4659475398834685,0.08562581796609231,0.0018621258320301547,0.5763569214000902,0,c90ab8d2f5b156a07d9eb2266d70e4346485e9fa18c4fd03fd9e6fe38f929a8f,386022f2b92324fcb515f68583b6f252d02ffab9b03848c5f99e0166d97e3617
G07,ROB_G07_R40,0.1,minority_outlier,0,0.4,40,36,54,NodeMean,0.14312707940020689,3.3978075159510452,0.06441364686315819,0.0013819947526228424,0.5763569214000902,0,db657153195b70a34745352890b19951887f7a108850ea79d4db37a89c67c9ab,386022f2b92324fcb515f68583b6f252d02ffab9b03848c5f99e0166d97e3617
G07,ROB_G07_R40,0.1,minority_outlier,0,0.4,40,36,54,ASGC,0.16748094796368435,2.8659930965957297,0.053550144918017684,0.002292008814383666,0.5763569214000902,0,36adfc6eaf9917a1f0dc4d168967b034a825bedbc375d491d3bdd0b51eec5c4f,386022f2b92324fcb515f68583b6f252d02ffab9b03848c5f99e0166d97e3617
G07,ROB_G07_R55,0.1,minority_outlier,0,0.55,55,50,40,Raw-GAT,0.16045808908706868,4.126638075818983,0.08156339745390453,0.0012336836993567437,0.57950517586224,0,de2620719668d745fb7e7621a15b377aad1f56ad00168284a50ca1c6ffb84e59,9710a1a99889fa29e58aa9c3573262a2af2cd3d7de2471856725811fe6d7a6be
G07,ROB_G07_R55,0.1,minority_outlier,0,0.55,55,50,40,GlobalMean,0.1572264434291842,3.8233929206500936,0.07040341611194004,0.001560309552818065,0.57950517586224,0,8e6b79f643f2adc1dcbc1ca916bc3e1af4d22e1c2d30133a05204ea615165a16,9710a1a99889fa29e58aa9c3573262a2af2cd3d7de2471856725811fe6d7a6be
G07,ROB_G07_R55,0.1,minority_outlier,0,0.55,55,50,40,NodeMean,0.14563752527034518,2.6846652062703273,0.051939649799799426,0.004033014974108678,0.57950517586224,0,fc6a3380845a9efd7fdfa5a762799fade09ed2ddcbe72cc574f375c40eeca4d9,9710a1a99889fa29e58aa9c3573262a2af2cd3d7de2471856725811fe6d7a6be
G07,ROB_G07_R55,0.1,minority_outlier,0,0.55,55,50,40,ASGC,0.16045808908706868,2.852277549400841,0.05339926985311773,0.003712355809443363,0.57950517586224,0,de2620719668d745fb7e7621a15b377aad1f56ad00168284a50ca1c6ffb84e59,9710a1a99889fa29e58aa9c3573262a2af2cd3d7de2471856725811fe6d7a6be
G07,ROB_G07_R70,0.1,minority_outlier,0,0.7,70,63,27,Raw-GAT,0.15618410476333933,2.8616955356493423,0.053365977642807524,0.0030933176993165803,0.569369197157397,0,66eeacd65d590230d8fd495687c98b51fec1e102d285a168f27519a1d4f8f436,bb8ca07c03c4e4e63d4a711bd568d539a07db95cecce98d36e744abc14808ff2
G07,ROB_G07_R70,0.1,minority_outlier,0,0.7,70,63,27,GlobalMean,0.15899072158401373,2.825660894389794,0.05386135958507193,0.0028435925211800703,0.569369197157397,0,23a4d0662ee9f27f5ddf1c941b54bc29fd408807134606cf0e7dfc5676aa30b0,bb8ca07c03c4e4e63d4a711bd568d539a07db95cecce98d36e744abc14808ff2
G07,ROB_G07_R70,0.1,minority_outlier,0,0.7,70,63,27,NodeMean,0.15786328048681136,2.942938849277387,0.0573028014173316,0.004387051265259892,0.569369197157397,0,06848ad44fd790cad262f839fcf24a99e0f0432edd90aae92fa8befd1e3c228e,bb8ca07c03c4e4e63d4a711bd568d539a07db95cecce98d36e744abc14808ff2
G07,ROB_G07_R70,0.1,minority_outlier,0,0.7,70,63,27,ASGC,0.15618410476333933,2.8096623734906436,0.055163947164842186,0.0037828149073335024,0.569369197157397,0,66eeacd65d590230d8fd495687c98b51fec1e102d285a168f27519a1d4f8f436,bb8ca07c03c4e4e63d4a711bd568d539a07db95cecce98d36e744abc14808ff2
G08,ROB_G08_R40,0.1,minority_outlier,1,0.4,40,36,54,Raw-GAT,0.17757820301197233,5.1977995992542345,0.12833635812930594,0.0060509166443377125,0.47878611691518597,0,de0a0ce640a7af31b70900b76d9ce8ad0c49cfbaaf3d49533ee9b64dbe62c782,0715be97e14fba338c4247306cfb055b059ee485f583f812efda099ad4353e9d
G08,ROB_G08_R40,0.1,minority_outlier,1,0.4,40,36,54,GlobalMean,0.18538030504294903,6.068674245403819,0.1364647681701454,0.006355635836930204,0.47878611691518597,0,f3426e138d682d57003d613029d91085c872197a0d502667f1178ce0c3c1a848,0715be97e14fba338c4247306cfb055b059ee485f583f812efda099ad4353e9d
G08,ROB_G08_R40,0.1,minority_outlier,1,0.4,40,36,54,NodeMean,0.18847600053447516,6.976503020097629,0.11911449654200994,0.0049462436885711865,0.47878611691518597,0,b7ece669f1d40bd248d1d6df92ee1669b2a09c73c5f705bd048e8826c4eb22b4,0715be97e14fba338c4247306cfb055b059ee485f583f812efda099ad4353e9d
G08,ROB_G08_R40,0.1,minority_outlier,1,0.4,40,36,54,ASGC,0.17757820301197233,5.480041658149349,0.09945169453914414,0.004461781080431548,0.47878611691518597,0,de0a0ce640a7af31b70900b76d9ce8ad0c49cfbaaf3d49533ee9b64dbe62c782,0715be97e14fba338c4247306cfb055b059ee485f583f812efda099ad4353e9d
G08,ROB_G08_R55,0.1,minority_outlier,1,0.55,55,50,40,Raw-GAT,0.18299619459597466,5.079670149477422,0.1290897830609745,0.005589398684329918,0.4656268673068513,0,fe6cdbc415ff0101030431074d42b64318233e205b6d0dc72e2aefea86a27351,1b03b6523da1678ef305070745624f58fda384c8924466bb4fcc1963a98f4603
G08,ROB_G08_R55,0.1,minority_outlier,1,0.55,55,50,40,GlobalMean,0.1823412665479336,5.02053608673547,0.1276926291754242,0.0055843541042828624,0.4656268673068513,0,33b42079513d2b996f2cf10f9dc8b103f1b7e9d3fabc5ef4954ddc01c3f9efd0,1b03b6523da1678ef305070745624f58fda384c8924466bb4fcc1963a98f4603
G08,ROB_G08_R55,0.1,minority_outlier,1,0.55,55,50,40,NodeMean,0.1600139475260278,3.4764483372974055,0.0719861223930276,0.0038169426733537285,0.4656268673068513,0,ed9c923d14edb68c8efb3ad0aaed79c46fbaa544c95bf17eaf054fbd10179ebe,1b03b6523da1678ef305070745624f58fda384c8924466bb4fcc1963a98f4603
G08,ROB_G08_R55,0.1,minority_outlier,1,0.55,55,50,40,ASGC,0.18299619459597466,3.601336839970635,0.09023975900398175,0.003908907186296102,0.4656268673068513,0,fe6cdbc415ff0101030431074d42b64318233e205b6d0dc72e2aefea86a27351,1b03b6523da1678ef305070745624f58fda384c8924466bb4fcc1963a98f4603
G08,ROB_G08_R70,0.1,minority_outlier,1,0.7,70,63,27,Raw-GAT,0.18939230874506544,3.894824001049201,0.09728555640112047,0.006964028981279906,0.4537550102696954,0,0d9c10f00a4c9b8fc093d58d87536933e6545d8627dac6cd8e5d46e3f59bed6f,12e96648d11ff08fd29f7ce983c4689dd1d97d85960e15d5d4b9c95e6a1ba655
G08,ROB_G08_R70,0.1,minority_outlier,1,0.7,70,63,27,GlobalMean,0.18358521398121588,3.9149474936252693,0.09789638916025656,0.005760497863760309,0.4537550102696954,0,1f6ce1a3703a2e0b1ffdf6905c41a7f34b73be0235c134527d191bc17af9e420,12e96648d11ff08fd29f7ce983c4689dd1d97d85960e15d5d4b9c95e6a1ba655
G08,ROB_G08_R70,0.1,minority_outlier,1,0.7,70,63,27,NodeMean,0.18669563470152004,3.8507188745963097,0.0799478993592265,0.004316568950608897,0.4537550102696954,0,4c19d68f5bd7f309c4ff39c0e601807f78c42add0a4692910f38a8d151b9aa97,12e96648d11ff08fd29f7ce983c4689dd1d97d85960e15d5d4b9c95e6a1ba655
G08,ROB_G08_R70,0.1,minority_outlier,1,0.7,70,63,27,ASGC,0.18939230874506544,3.3232854935643745,0.08226369927195043,0.005604477875784366,0.4537550102696954,0,0d9c10f00a4c9b8fc093d58d87536933e6545d8627dac6cd8e5d46e3f59bed6f,12e96648d11ff08fd29f7ce983c4689dd1d97d85960e15d5d4b9c95e6a1ba655
G09,ROB_G09_R40,0.1,three_camp,0,0.4,40,36,54,Raw-GAT,0.14433852014213314,4.548313595201912,0.07697222944938654,0.007224545520043112,0.552687896309694,0,ca79bf9806064b0f3c1fb812dee6003c86cdc256cd7368a31f7c10174f47e0e5,fa197b9982328b2ea2de69a7501ac422f97d24dda3255526c107dcb5b7b88b95
G09,ROB_G09_R40,0.1,three_camp,0,0.4,40,36,54,GlobalMean,0.14001340875194104,4.137167590399997,0.07705311732342963,0.005054444371427404,0.552687896309694,0,987531fdbda26451dff48fb52e05a4ec0e866ed98775fd58baded7e3cc0e0bed,fa197b9982328b2ea2de69a7501ac422f97d24dda3255526c107dcb5b7b88b95
G09,ROB_G09_R40,0.1,three_camp,0,0.4,40,36,54,NodeMean,0.15986696213432494,6.231493974865588,0.12382585654218685,0.012357029187244822,0.552687896309694,0,850dfa7e99c079ccc692eb7195d021f6c9a10ec7e50e62a3365bced30af558b7,fa197b9982328b2ea2de69a7501ac422f97d24dda3255526c107dcb5b7b88b95
G09,ROB_G09_R40,0.1,three_camp,0,0.4,40,36,54,ASGC,0.14433852014213314,5.895230565945587,0.08581550841162144,0.008120197027745777,0.552687896309694,0,ca79bf9806064b0f3c1fb812dee6003c86cdc256cd7368a31f7c10174f47e0e5,fa197b9982328b2ea2de69a7501ac422f97d24dda3255526c107dcb5b7b88b95
G09,ROB_G09_R55,0.1,three_camp,0,0.55,55,50,40,Raw-GAT,0.14078164702880594,2.986259542139463,0.056643648748411754,0.0023102925591411555,0.5811935150435567,0,1a114361c56ea19b9e311e6aa2cb4a8bfe660ca959adb926066d667b187ccd22,74667c59b3b3099251d7a0e6cf8b7e38c1c0e2064b7f30793f80d875ca4a5fad
G09,ROB_G09_R55,0.1,three_camp,0,0.55,55,50,40,GlobalMean,0.1295938204239444,2.6832941800998644,0.05269938793027171,0.0032304134359403664,0.5811935150435567,0,11ae51699af165f9cba17f1bf865afe5fdbf1c3cee61fedf644cadc9d0060e2f,74667c59b3b3099251d7a0e6cf8b7e38c1c0e2064b7f30793f80d875ca4a5fad
G09,ROB_G09_R55,0.1,three_camp,0,0.55,55,50,40,NodeMean,0.15283179578043363,4.146713965284149,0.08324257443393807,0.01164551511527156,0.5811935150435567,0,ef6b11564bd1e82103522ea875e241379b66a6e6929e5dcc985a6d110ba0450d,74667c59b3b3099251d7a0e6cf8b7e38c1c0e2064b7f30793f80d875ca4a5fad
G09,ROB_G09_R55,0.1,three_camp,0,0.55,55,50,40,ASGC,0.14078164702880594,3.5093685243815043,0.04969455475817412,0.00571659225158214,0.5811935150435567,0,1a114361c56ea19b9e311e6aa2cb4a8bfe660ca959adb926066d667b187ccd22,74667c59b3b3099251d7a0e6cf8b7e38c1c0e2064b7f30793f80d875ca4a5fad
G09,ROB_G09_R70,0.1,three_camp,0,0.7,70,63,27,Raw-GAT,0.13412922833102348,2.5740567891429618,0.03623272842605106,0.002230760833782495,0.5628673973287163,0,872bdec8f74b320a8ccfd7027c3575e580a9857ea0bd72761a9a146bf882e35c,585211372af6ccd2ccc39992fd226a4f152c1a483a39da6dce8cbdacd0b650f3
G09,ROB_G09_R70,0.1,three_camp,0,0.7,70,63,27,GlobalMean,0.1290501165015266,2.3561126265113495,0.03770273328041564,0.0014341447322909356,0.5628673973287163,0,1f40e9d1680aab7b60f74f579d84d16c3f9b6b25f406483c08621ac96267451e,585211372af6ccd2ccc39992fd226a4f152c1a483a39da6dce8cbdacd0b650f3
G09,ROB_G09_R70,0.1,three_camp,0,0.7,70,63,27,NodeMean,0.12161578543633349,2.1048510499795894,0.038806123126606834,0.004369525505097477,0.5628673973287163,0,8b0381d4eca9058d90776bd132deb34066ff7ee6741e2208b4b1a80c605c7242,585211372af6ccd2ccc39992fd226a4f152c1a483a39da6dce8cbdacd0b650f3
G09,ROB_G09_R70,0.1,three_camp,0,0.7,70,63,27,ASGC,0.13412922833102348,2.381420894041271,0.032438448256533844,0.002880994282754385,0.5628673973287163,0,872bdec8f74b320a8ccfd7027c3575e580a9857ea0bd72761a9a146bf882e35c,585211372af6ccd2ccc39992fd226a4f152c1a483a39da6dce8cbdacd0b650f3
G10,ROB_G10_R40,0.1,three_camp,1,0.4,40,36,54,Raw-GAT,0.15460570155565456,4.941892597978468,0.0999023895553382,0.008619027620859058,0.4944129830735407,0,f6691e66a89280eb43d01dc2202b35aa22c4f134b6eae8242b7bb846934318cf,0d216899aca3131054058c3b3ed62e5988756c3758ff9b62826a62a34879cc6d
G10,ROB_G10_R40,0.1,three_camp,1,0.4,40,36,54,GlobalMean,0.17119326388013748,7.557450825248776,0.12453110654949258,0.011631874813649764,0.4944129830735407,0,46105ea9c39ffc4f939b5a4a0448108f2b4080a32342cbc5b20547a1cd2388e2,0d216899aca3131054058c3b3ed62e5988756c3758ff9b62826a62a34879cc6d
G10,ROB_G10_R40,0.1,three_camp,1,0.4,40,36,54,NodeMean,0.1657098006762935,6.48186399308539,0.11916906647336686,0.0070038472031121275,0.4944129830735407,0,0922d86e4875b2f771dca4e46faf7925cae8a9051ac69527f723d64156047ea6,0d216899aca3131054058c3b3ed62e5988756c3758ff9b62826a62a34879cc6d
G10,ROB_G10_R40,0.1,three_camp,1,0.4,40,36,54,ASGC,0.15460570155565456,6.801960867997554,0.09408202916572088,0.008597503353221148,0.4944129830735407,0,f6691e66a89280eb43d01dc2202b35aa22c4f134b6eae8242b7bb846934318cf,0d216899aca3131054058c3b3ed62e5988756c3758ff9b62826a62a34879cc6d
G10,ROB_G10_R55,0.1,three_camp,1,0.55,55,50,40,Raw-GAT,0.15708360028718255,4.8338602404689786,0.08730212140843796,0.007552064823757513,0.5084609223081098,0,230f7a7076c77ac04c9f193363d276ad1bfc119d8861cf28971b1373714d6e79,664d83380b84c9bb6d1361328d02773342fd0e7644c5c6d4e253564483cc06ca
G10,ROB_G10_R55,0.1,three_camp,1,0.55,55,50,40,GlobalMean,0.16563139806712676,5.379872460973379,0.0858188930500381,0.007211184599631804,0.5084609223081098,0,f6e0065f625b0d1e1326d0f1b8748dedaab1b7c6e44f7bb58630721bb9ff9d0f,664d83380b84c9bb6d1361328d02773342fd0e7644c5c6d4e253564483cc06ca
G10,ROB_G10_R55,0.1,three_camp,1,0.55,55,50,40,NodeMean,0.15049558784494632,4.920384085304803,0.0822702077158555,0.004887457878542615,0.5084609223081098,0,a907dcf7324dc606336965d85e4fd811fcd786f4a60c4462df591f87eb21aa73,664d83380b84c9bb6d1361328d02773342fd0e7644c5c6d4e253564483cc06ca
G10,ROB_G10_R55,0.1,three_camp,1,0.55,55,50,40,ASGC,0.15708360028718255,4.7738215664590165,0.07138435051177633,0.0053182660599519795,0.5084609223081098,0,230f7a7076c77ac04c9f193363d276ad1bfc119d8861cf28971b1373714d6e79,664d83380b84c9bb6d1361328d02773342fd0e7644c5c6d4e253564483cc06ca
G10,ROB_G10_R70,0.1,three_camp,1,0.7,70,63,27,Raw-GAT,0.15839471274779224,3.416298226192975,0.057437998288810604,0.004792958955340075,0.5272969704291631,0,4816540a6b0d5158465d4d545e8f6c3bba152be0be87baf95b9c6cf71aec2415,f364aadbe863b3b274624d83e6e4c49fb3eb9efd2d4bfe69b8baaa2f0029d014
G10,ROB_G10_R70,0.1,three_camp,1,0.7,70,63,27,GlobalMean,0.15630546904205775,3.483052817141909,0.06562008802490464,0.004982460135169176,0.5272969704291631,0,06b9b1cfd46d94e9096acbce2453b302545e766110de953b13dfb7343ac4d001,f364aadbe863b3b274624d83e6e4c49fb3eb9efd2d4bfe69b8baaa2f0029d014
G10,ROB_G10_R70,0.1,three_camp,1,0.7,70,63,27,NodeMean,0.12524482791412572,2.855605305621724,0.060490900753171095,0.004050686492330087,0.5272969704291631,0,9baa55b05474380e5ed77ec2887e08eb3dedfadeb2224f6da697db7fdadd6a69,f364aadbe863b3b274624d83e6e4c49fb3eb9efd2d4bfe69b8baaa2f0029d014
G10,ROB_G10_R70,0.1,three_camp,1,0.7,70,63,27,ASGC,0.15839471274779224,3.085256249890121,0.053169019788827834,0.0036862872323488705,0.5272969704291631,0,4816540a6b0d5158465d4d545e8f6c3bba152be0be87baf95b9c6cf71aec2415,f364aadbe863b3b274624d83e6e4c49fb3eb9efd2d4bfe69b8baaa2f0029d014
G11,ROB_G11_R40,0.3,baseline,0,0.4,40,36,54,Raw-GAT,0.18512444728945032,5.768719270694849,0.12041912655757717,0.002713620103442956,0.4996827384077377,0,26f8f418c26a3c2c066f805a8a69adff8e4b99a82c96e962d82d22cdff5b1fd9,fe0b5298ec58a3793cc6e85d8243cd0498c085d80dcf6b772bb5a84b13bd8b2e
G11,ROB_G11_R40,0.3,baseline,0,0.4,40,36,54,GlobalMean,0.1924401235836181,6.646173220219388,0.1447691944434601,0.00299574540079299,0.4996827384077377,0,ab7fd2223753597efabab3c62ac9ead99f16474baff661bcbd0795cee278bf93,fe0b5298ec58a3793cc6e85d8243cd0498c085d80dcf6b772bb5a84b13bd8b2e
G11,ROB_G11_R40,0.3,baseline,0,0.4,40,36,54,NodeMean,0.15651840632308744,5.412453760533118,0.11046566423605078,0.002568876249425636,0.4996827384077377,0,a4ce7636fa83a2ef21d4b01b01b45eae3ec83c1ea29645524fa41a44e5887f82,fe0b5298ec58a3793cc6e85d8243cd0498c085d80dcf6b772bb5a84b13bd8b2e
G11,ROB_G11_R40,0.3,baseline,0,0.4,40,36,54,ASGC,0.18512444728945032,5.227920398002764,0.11315880163006131,0.0023896863805634703,0.4996827384077377,0,26f8f418c26a3c2c066f805a8a69adff8e4b99a82c96e962d82d22cdff5b1fd9,fe0b5298ec58a3793cc6e85d8243cd0498c085d80dcf6b772bb5a84b13bd8b2e
G11,ROB_G11_R55,0.3,baseline,0,0.55,55,50,40,Raw-GAT,0.23571263225687442,6.929196828766229,0.15793277570280284,0.00380870280263291,0.5040068141351859,0,ed95ecd6298479ce597acd9b0f417383a664c368d3681ae8b7da087e48da3a80,7fedd42ab8bb25c326dc40a799ff0edcdec2bf6cc4f7ca94a6819fc6c60bf9b5
G11,ROB_G11_R55,0.3,baseline,0,0.55,55,50,40,GlobalMean,0.2174862678334984,6.3181438521706905,0.1329922926696002,0.0028572971925223075,0.5040068141351859,0,7a8be4b993599623bda94ffc75a53e9f0becee120b33c0596410469fd5ef195c,7fedd42ab8bb25c326dc40a799ff0edcdec2bf6cc4f7ca94a6819fc6c60bf9b5
G11,ROB_G11_R55,0.3,baseline,0,0.55,55,50,40,NodeMean,0.18042153803779387,5.146616780823852,0.1114935508328774,0.003063759841693521,0.5040068141351859,0,3bf83b8b28d0f0df59f1caf9cc668366ff127c94327f30c054c781a2aa56cf95,7fedd42ab8bb25c326dc40a799ff0edcdec2bf6cc4f7ca94a6819fc6c60bf9b5
G11,ROB_G11_R55,0.3,baseline,0,0.55,55,50,40,ASGC,0.23571263225687442,5.843301917793077,0.12049490690674916,0.003197402891475585,0.5040068141351859,0,ed95ecd6298479ce597acd9b0f417383a664c368d3681ae8b7da087e48da3a80,7fedd42ab8bb25c326dc40a799ff0edcdec2bf6cc4f7ca94a6819fc6c60bf9b5
G11,ROB_G11_R70,0.3,baseline,0,0.7,70,63,27,Raw-GAT,0.21155413445962137,4.355879900281661,0.09445701508202509,0.0018501188099978156,0.5072950835113367,0,3fde64d5ea852c79929acd93483631439feef46bbfcf9e6f9ab8ac1cdf157f74,aae494576a31c841009d558026f5af497f23efaf33af2ff9e0402c2905d370c2
G11,ROB_G11_R70,0.3,baseline,0,0.7,70,63,27,GlobalMean,0.21089618400660662,4.353387095599269,0.09165458423062603,0.0018255079738439637,0.5072950835113367,0,d39340f6f1e855d092694ae63a021125b4110698d3b1bcc91f89d9eb6b372b97,aae494576a31c841009d558026f5af497f23efaf33af2ff9e0402c2905d370c2
G11,ROB_G11_R70,0.3,baseline,0,0.7,70,63,27,NodeMean,0.1663161430990299,3.0163796409212886,0.06525833277400134,0.0022849439999530984,0.5072950835113367,0,7cf0f3e58ccba768244200defc7b46eacf4f01b6ee4767947365a40f09dca843,aae494576a31c841009d558026f5af497f23efaf33af2ff9e0402c2905d370c2
G11,ROB_G11_R70,0.3,baseline,0,0.7,70,63,27,ASGC,0.21155413445962137,3.6255091070346013,0.07551285846764946,0.0018821845749832382,0.5072950835113367,0,3fde64d5ea852c79929acd93483631439feef46bbfcf9e6f9ab8ac1cdf157f74,aae494576a31c841009d558026f5af497f23efaf33af2ff9e0402c2905d370c2
G12,ROB_G12_R40,0.3,baseline,1,0.4,40,36,54,Raw-GAT,0.18581902116308607,6.307753474036011,0.1444287515217682,0.0048205385296568835,0.46978332985542015,0,543c43a4bae699b8ab6c7cce2741fdb56856ebeba50775c463c51570cdcfcad2,a7a939853d36814f5c23f7bb9fe89df784c76b286868d34d3093ab8735ccdbb7
G12,ROB_G12_R40,0.3,baseline,1,0.4,40,36,54,GlobalMean,0.17262780311849138,5.954501867291137,0.1432186608835826,0.0046599858507693735,0.46978332985542015,0,464a6591102e6af5b84045f5736ce8cd95336a6f207d8e3f7e6626163683b34a,a7a939853d36814f5c23f7bb9fe89df784c76b286868d34d3093ab8735ccdbb7
G12,ROB_G12_R40,0.3,baseline,1,0.4,40,36,54,NodeMean,0.1627879240154265,5.404464072724338,0.12063025411973356,0.0037387356295793747,0.46978332985542015,0,02b2a42e79e14085e86f4aeb3235e788c89eb1e9bb952411ef32cf94984e0a73,a7a939853d36814f5c23f7bb9fe89df784c76b286868d34d3093ab8735ccdbb7
G12,ROB_G12_R40,0.3,baseline,1,0.4,40,36,54,ASGC,0.18581902116308607,4.424479600866256,0.10440689209898009,0.0034022040448192926,0.46978332985542015,0,543c43a4bae699b8ab6c7cce2741fdb56856ebeba50775c463c51570cdcfcad2,a7a939853d36814f5c23f7bb9fe89df784c76b286868d34d3093ab8735ccdbb7
G12,ROB_G12_R55,0.3,baseline,1,0.55,55,50,40,Raw-GAT,0.1694104362114192,4.444055695713545,0.1066062543814066,0.003062342593234404,0.45166039902492405,0,044154ea75a69bd2ee688f22984f173c82849565c7ae12dab8dde6d8daba5229,06d9bf532015e0081229bd76e4502126174c7bc48afcf3069e2022a2f3392754
G12,ROB_G12_R55,0.3,baseline,1,0.55,55,50,40,GlobalMean,0.16911473276844985,4.469804753244903,0.10702483602450867,0.003053018453497884,0.45166039902492405,0,dc7c0657a91846e2fb6211882f0cbc640674e26155509d2b7d94f13d71707b49,06d9bf532015e0081229bd76e4502126174c7bc48afcf3069e2022a2f3392754
G12,ROB_G12_R55,0.3,baseline,1,0.55,55,50,40,NodeMean,0.16187876935211692,3.543414881245498,0.08365886696157068,0.002755650360092336,0.45166039902492405,0,6cf163d9a9233ab07e67cac01915a124d0659dc9e5baf6daa8dbc219fe57f9d6,06d9bf532015e0081229bd76e4502126174c7bc48afcf3069e2022a2f3392754
G12,ROB_G12_R55,0.3,baseline,1,0.55,55,50,40,ASGC,0.1694104362114192,3.5887636041271342,0.08395738433670918,0.002047207257287438,0.45166039902492405,0,044154ea75a69bd2ee688f22984f173c82849565c7ae12dab8dde6d8daba5229,06d9bf532015e0081229bd76e4502126174c7bc48afcf3069e2022a2f3392754
G12,ROB_G12_R70,0.3,baseline,1,0.7,70,63,27,Raw-GAT,0.19889234946634285,3.675137964191751,0.08832121581841362,0.0025213792834622513,0.4536157772042583,0,ab1c765714f6cdd50fb1207ce8b8b6a03d1974bff6806f7139eafaaffdbb83c0,f6c48e67f533c69862d1b70538a71333ae74cbb91a6b5bca8ac75647712d712d
G12,ROB_G12_R70,0.3,baseline,1,0.7,70,63,27,GlobalMean,0.19655255506345026,3.625858430894402,0.08888390913716468,0.0026291974323830168,0.4536157772042583,0,5a42e7822a5fb5b24ea6c4d014b6ce7c526f8b4267f6fdc73efc5bbefdc2e809,f6c48e67f533c69862d1b70538a71333ae74cbb91a6b5bca8ac75647712d712d
G12,ROB_G12_R70,0.3,baseline,1,0.7,70,63,27,NodeMean,0.1713056767276611,2.7093700402853664,0.0736371371134255,0.0018377305653112946,0.4536157772042583,0,804194ab55366335093ffc94157eda101bdaef9f462ca433eaeca44c3eed95a7,f6c48e67f533c69862d1b70538a71333ae74cbb91a6b5bca8ac75647712d712d
G12,ROB_G12_R70,0.3,baseline,1,0.7,70,63,27,ASGC,0.19889234946634285,2.546628861998451,0.06660216242844556,0.001840158819456226,0.4536157772042583,0,ab1c765714f6cdd50fb1207ce8b8b6a03d1974bff6806f7139eafaaffdbb83c0,f6c48e67f533c69862d1b70538a71333ae74cbb91a6b5bca8ac75647712d712d
G13,ROB_G13_R40,0.3,two_camp_moderate,0,0.4,40,36,54,Raw-GAT,0.15288102274855428,4.4712270684134445,0.10915846022877165,0.004320652635778428,0.458183451055343,0,fde5ce13e7eacb01405aa0982275511e8082fe61f35268ed4e6ea72f097bd73c,394014f29f1215a4bab529e175d3a706fd2fa305147673746210594e7ff00beb
G13,ROB_G13_R40,0.3,two_camp_moderate,0,0.4,40,36,54,GlobalMean,0.153301388935229,4.380288762792517,0.10588453680475328,0.003614054884333187,0.458183451055343,0,529df54f0232760b9070f749faa39bbd2d60b215c86098b9b15f262fafd3f8ff,394014f29f1215a4bab529e175d3a706fd2fa305147673746210594e7ff00beb
G13,ROB_G13_R40,0.3,two_camp_moderate,0,0.4,40,36,54,NodeMean,0.153747063937911,4.887152618811869,0.10440362070483829,0.006485970081005667,0.458183451055343,0,1848a35185f8cc85d24cdc60e9d7f7011e1ead5aa12204ddcd21354100af904b,394014f29f1215a4bab529e175d3a706fd2fa305147673746210594e7ff00beb
G13,ROB_G13_R40,0.3,two_camp_moderate,0,0.4,40,36,54,ASGC,0.15288102274855428,3.197836737640352,0.06367631371969411,0.0025356386766846265,0.458183451055343,0,fde5ce13e7eacb01405aa0982275511e8082fe61f35268ed4e6ea72f097bd73c,394014f29f1215a4bab529e175d3a706fd2fa305147673746210594e7ff00beb
G13,ROB_G13_R55,0.3,two_camp_moderate,0,0.55,55,50,40,Raw-GAT,0.1656162899780746,4.28170351462601,0.10033188062418687,0.005679325938818657,0.43424639370444607,0,f3c596cc6349cb540f0d1569d794300af80f95cf9a79f54837b01163e931e8db,3a365fe23ff265539793f040205cd3bceb796c9966dde468afeb54f36dfcf572
G13,ROB_G13_R55,0.3,two_camp_moderate,0,0.55,55,50,40,GlobalMean,0.15760198607813947,4.20301237716861,0.10170949798386576,0.005590516395099811,0.43424639370444607,0,dd34ca7b0e7d7dab144f1820779e9e21ca6f02d804ddc466551cec87b24062ae,3a365fe23ff265539793f040205cd3bceb796c9966dde468afeb54f36dfcf572
G13,ROB_G13_R55,0.3,two_camp_moderate,0,0.55,55,50,40,NodeMean,0.1297366781002381,2.18585423783991,0.053169655322559135,0.0029756339953578566,0.43424639370444607,0,040678d970e724986c2e994b6286d9bed9ca27e8cba545fc488f9e501f94ea65,3a365fe23ff265539793f040205cd3bceb796c9966dde468afeb54f36dfcf572
G13,ROB_G13_R55,0.3,two_camp_moderate,0,0.55,55,50,40,ASGC,0.1656162899780746,2.0006957432026473,0.04812207041204791,0.003095513068484802,0.43424639370444607,0,f3c596cc6349cb540f0d1569d794300af80f95cf9a79f54837b01163e931e8db,3a365fe23ff265539793f040205cd3bceb796c9966dde468afeb54f36dfcf572
G13,ROB_G13_R70,0.3,two_camp_moderate,0,0.7,70,63,27,Raw-GAT,0.1353679713624332,2.228992717941551,0.05041084096965591,0.003706359342926347,0.46313459402893925,0,ee0a99a8fa907ff9195104cc6228a10eb9f30fd249eafc5af04ba5fe21a0bb27,47be79dea168fb196704bd8e53ea043cc1830a46782ea2d610b822c52272df55
G13,ROB_G13_R70,0.3,two_camp_moderate,0,0.7,70,63,27,GlobalMean,0.14755369916388072,2.578078399314682,0.0560321422185419,0.004055965860455544,0.46313459402893925,0,79957d74bce85ec45d3813d1d5a0529e9dd9919fa7572b53e51df1ec0630a661,47be79dea168fb196704bd8e53ea043cc1830a46782ea2d610b822c52272df55
G13,ROB_G13_R70,0.3,two_camp_moderate,0,0.7,70,63,27,NodeMean,0.15826687857021998,3.6273665871677325,0.07577362839938187,0.0032797889865696372,0.46313459402893925,0,e81f8e6c2b6b9391f946ae0d8d428c9639a6fc0366088fcda83b3eb46f81e53a,47be79dea168fb196704bd8e53ea043cc1830a46782ea2d610b822c52272df55
G13,ROB_G13_R70,0.3,two_camp_moderate,0,0.7,70,63,27,ASGC,0.1353679713624332,2.3479004418311167,0.04645665422332751,0.0031780111504297135,0.46313459402893925,0,ee0a99a8fa907ff9195104cc6228a10eb9f30fd249eafc5af04ba5fe21a0bb27,47be79dea168fb196704bd8e53ea043cc1830a46782ea2d610b822c52272df55
G14,ROB_G14_R40,0.3,two_camp_moderate,1,0.4,40,36,54,Raw-GAT,0.15626368650012992,3.884405755748351,0.08517204217701498,0.005246698132632184,0.49692196087662904,0,46459923c28c5d848cf0eafb781a10563ee9b1ca46837ba78c35952db1500049,5560aa00bd34f73a954d3807c625753c9615147d3568153153ccc4b4f6ec4d58
G14,ROB_G14_R40,0.3,two_camp_moderate,1,0.4,40,36,54,GlobalMean,0.1561557103863068,3.898017694524242,0.0851958796319349,0.005146482043072626,0.49692196087662904,0,3c32fb37551e8f9d6b0efa66ea139cacd7b99851349c95f35cc19ad290d908c1,5560aa00bd34f73a954d3807c625753c9615147d3568153153ccc4b4f6ec4d58
G14,ROB_G14_R40,0.3,two_camp_moderate,1,0.4,40,36,54,NodeMean,0.13153409884557973,1.4348913017998361,0.034576255329590126,0.0030191667488748304,0.49692196087662904,0,157c537f222997daf8366750627e90cf8812b5d28e713d979c004f3b04b522f3,5560aa00bd34f73a954d3807c625753c9615147d3568153153ccc4b4f6ec4d58
G14,ROB_G14_R40,0.3,two_camp_moderate,1,0.4,40,36,54,ASGC,0.15626368650012992,2.1886226637224464,0.04886124249315231,0.002383936277496746,0.49692196087662904,0,46459923c28c5d848cf0eafb781a10563ee9b1ca46837ba78c35952db1500049,5560aa00bd34f73a954d3807c625753c9615147d3568153153ccc4b4f6ec4d58
G14,ROB_G14_R55,0.3,two_camp_moderate,1,0.55,55,50,40,Raw-GAT,0.13025209794370016,2.6216992151326224,0.048522164109651655,0.0032942390267941663,0.48324305575408383,0,edc8740e0b97c94757e442cf95234cb733af0ebdb2bb8d24c19fe9fdbea71f7a,a5f9e777e79144821ce3337c221675a0d195fadc44cdb1af74c54ade3f756131
G14,ROB_G14_R55,0.3,two_camp_moderate,1,0.55,55,50,40,GlobalMean,0.1348818418737925,2.842292696489096,0.05130376432833253,0.00330373714395238,0.48324305575408383,0,0c9099d03c28108b2ea7c13cbaae866801cc1bedc83112c344888017c1a1c14e,a5f9e777e79144821ce3337c221675a0d195fadc44cdb1af74c54ade3f756131
G14,ROB_G14_R55,0.3,two_camp_moderate,1,0.55,55,50,40,NodeMean,0.12212680125326392,2.3368596850544456,0.04956258631935118,0.0017404286584252863,0.48324305575408383,0,7132d85af59703d8e021f6dae03106c074a6282c8a4333428bf1b9aaf3ef4cff,a5f9e777e79144821ce3337c221675a0d195fadc44cdb1af74c54ade3f756131
G14,ROB_G14_R55,0.3,two_camp_moderate,1,0.55,55,50,40,ASGC,0.13025209794370016,2.227901009916648,0.0433394651043526,0.0021912727098882742,0.48324305575408383,0,edc8740e0b97c94757e442cf95234cb733af0ebdb2bb8d24c19fe9fdbea71f7a,a5f9e777e79144821ce3337c221675a0d195fadc44cdb1af74c54ade3f756131
G14,ROB_G14_R70,0.3,two_camp_moderate,1,0.7,70,63,27,Raw-GAT,0.1600372383726119,3.15890251612814,0.06177843945169893,0.004902047256466772,0.48579930979259117,0,9a3b256774aab7aa74f8ac3c4b319245a03b8b63b31cf6b6a7da22288f6d6f51,f9d182c7b77185dd87bb355c6d17238388c681340ceb91057e81f3acf2eb6bd2
G14,ROB_G14_R70,0.3,two_camp_moderate,1,0.7,70,63,27,GlobalMean,0.15491354097940277,2.504699005074947,0.04818216843899589,0.003842423486329561,0.48579930979259117,0,c9d9a9fdb321f5fdc12b7a813586a0d28640ed2099f9e0105c3196f3b25213cc,f9d182c7b77185dd87bb355c6d17238388c681340ceb91057e81f3acf2eb6bd2
G14,ROB_G14_R70,0.3,two_camp_moderate,1,0.7,70,63,27,NodeMean,0.13546087938720414,2.013431615629227,0.05041651677704152,0.0024366382271428116,0.48579930979259117,0,ac7b430f489430bafedf9363cd502f278ac3c2e1c16e306561f6ef5401d9d465,f9d182c7b77185dd87bb355c6d17238388c681340ceb91057e81f3acf2eb6bd2
G14,ROB_G14_R70,0.3,two_camp_moderate,1,0.7,70,63,27,ASGC,0.1600372383726119,2.2129333419374744,0.04618541429301091,0.003318950819936948,0.48579930979259117,0,9a3b256774aab7aa74f8ac3c4b319245a03b8b63b31cf6b6a7da22288f6d6f51,f9d182c7b77185dd87bb355c6d17238388c681340ceb91057e81f3acf2eb6bd2
G15,ROB_G15_R40,0.3,two_camp_severe,0,0.4,40,36,54,Raw-GAT,0.18164153659529478,7.517525515494133,0.0987696236496372,0.004130813779019721,0.5687486528322854,0,cac2eb96d085c38936f13556b8b4a4be8b9902bc890a0e506e4ccf1955c43cf1,07ce7d4a6f33cbd20805a4e7c332d4a977b06c8bc85bbe2aff88bb3382c19669
G15,ROB_G15_R40,0.3,two_camp_severe,0,0.4,40,36,54,GlobalMean,0.15583900019751643,5.057258729197069,0.09438713773988122,0.003184520765310034,0.5687486528322854,0,b8be7bffbf8db025da588d53df8e45eb50fd074c5dd5cb06eaae92f1a5a8b5fe,07ce7d4a6f33cbd20805a4e7c332d4a977b06c8bc85bbe2aff88bb3382c19669
G15,ROB_G15_R40,0.3,two_camp_severe,0,0.4,40,36,54,NodeMean,0.14012290331556868,3.8500720111382094,0.06470963747845956,0.0024289008513706683,0.5687486528322854,0,bf19e54b8467ef1f78005b216152296c07f43bdb3639f50e7599f56f0515529d,07ce7d4a6f33cbd20805a4e7c332d4a977b06c8bc85bbe2aff88bb3382c19669
G15,ROB_G15_R40,0.3,two_camp_severe,0,0.4,40,36,54,ASGC,0.18164153659529478,4.015230905542905,0.07840026311838377,0.0023632459929566843,0.5687486528322854,0,cac2eb96d085c38936f13556b8b4a4be8b9902bc890a0e506e4ccf1955c43cf1,07ce7d4a6f33cbd20805a4e7c332d4a977b06c8bc85bbe2aff88bb3382c19669
G15,ROB_G15_R55,0.3,two_camp_severe,0,0.55,55,50,40,Raw-GAT,0.19522069823107463,4.7467266995982405,0.07111138940219831,0.0034433841629541787,0.5627719285531113,0,d4dc33a49380df6600933e91a58105e3d747f94574c39f3f8a2186f16d4039d1,20da984904bb42b371c9df12547aa555bc01db00b9ba5cc6dcf93fdf9a1bd72a
G15,ROB_G15_R55,0.3,two_camp_severe,0,0.55,55,50,40,GlobalMean,0.16452816827129285,3.5385991779665282,0.070558618594605,0.0033154529757044235,0.5627719285531113,0,82897ed178555bfaa6478d9cb4e746c47a5b590454f6007f64a7c4a742ecd1c5,20da984904bb42b371c9df12547aa555bc01db00b9ba5cc6dcf93fdf9a1bd72a
G15,ROB_G15_R55,0.3,two_camp_severe,0,0.55,55,50,40,NodeMean,0.1413548901993818,2.295522423865531,0.04231188081268103,0.0020044451432454,0.5627719285531113,0,8354b2c69216b6fd61c14ac17416b7dea5c626ed62575c854b34eb5c1fb83aca,20da984904bb42b371c9df12547aa555bc01db00b9ba5cc6dcf93fdf9a1bd72a
G15,ROB_G15_R55,0.3,two_camp_severe,0,0.55,55,50,40,ASGC,0.19522069823107463,2.3687551720273676,0.049528278486588806,0.002980047985725605,0.5627719285531113,0,d4dc33a49380df6600933e91a58105e3d747f94574c39f3f8a2186f16d4039d1,20da984904bb42b371c9df12547aa555bc01db00b9ba5cc6dcf93fdf9a1bd72a
G15,ROB_G15_R70,0.3,two_camp_severe,0,0.7,70,63,27,Raw-GAT,0.1905582496052249,2.6354220196210463,0.05697325771900699,0.002889978824319385,0.5580405655458521,0,a962154eb2ea8a952bfddffd8de3910c1f6c11b83570e219decee8f6c50e8b6f,de128d57ecd702f494bd1b14d926449113f5851d5e828c5ba10756792ebc937d
G15,ROB_G15_R70,0.3,two_camp_severe,0,0.7,70,63,27,GlobalMean,0.17201989603983353,2.0152599106261366,0.04213757471515821,0.0023718768373564825,0.5580405655458521,0,ed143b671d9ef6bd3b11ab03a43d7a865c3115c1a02449c31f5d8bd1701ae480,de128d57ecd702f494bd1b14d926449113f5851d5e828c5ba10756792ebc937d
G15,ROB_G15_R70,0.3,two_camp_severe,0,0.7,70,63,27,NodeMean,0.15910537836806693,2.3664082436645835,0.04758928813785929,0.003136450912218205,0.5580405655458521,0,0c6be947203798abc7012d0f15a63355ad1759e0c4d2f89b5bee522e730e6321,de128d57ecd702f494bd1b14d926449113f5851d5e828c5ba10756792ebc937d
G15,ROB_G15_R70,0.3,two_camp_severe,0,0.7,70,63,27,ASGC,0.1905582496052249,2.227275649671011,0.045199940367762564,0.0031648722308043283,0.5580405655458521,0,a962154eb2ea8a952bfddffd8de3910c1f6c11b83570e219decee8f6c50e8b6f,de128d57ecd702f494bd1b14d926449113f5851d5e828c5ba10756792ebc937d
G16,ROB_G16_R40,0.3,two_camp_severe,1,0.4,40,36,54,Raw-GAT,0.14333703411368587,4.780884238061755,0.0902913256443261,0.003655695264729875,0.48844386840881654,0,f0967e4ed40a01b2a687fa8155930982e498b719fc9776a8389c6c639c0766ea,99f422b41ab2c09e18133178da5e3f3143ffef2a9b5041d258d21c4ed979aa5c
G16,ROB_G16_R40,0.3,two_camp_severe,1,0.4,40,36,54,GlobalMean,0.13131150513192533,3.4577142205380467,0.0735735788822979,0.002746871625722619,0.48844386840881654,0,23ffc55170471e1e1a4af8184b06fdd1bc0b60e8d178a6f6a961e30d48993620,99f422b41ab2c09e18133178da5e3f3143ffef2a9b5041d258d21c4ed979aa5c
G16,ROB_G16_R40,0.3,two_camp_severe,1,0.4,40,36,54,NodeMean,0.1336933660847427,5.88497473693911,0.1264168191352985,0.009880315750977297,0.48844386840881654,0,ca01696e31b7bd6fbe007708c3f5b0c239f71fa9d950df9b9780db7bd066b12c,99f422b41ab2c09e18133178da5e3f3143ffef2a9b5041d258d21c4ed979aa5c
G16,ROB_G16_R40,0.3,two_camp_severe,1,0.4,40,36,54,ASGC,0.14333703411368587,4.077714143355768,0.08346720662263696,0.00515992713586683,0.48844386840881654,0,f0967e4ed40a01b2a687fa8155930982e498b719fc9776a8389c6c639c0766ea,99f422b41ab2c09e18133178da5e3f3143ffef2a9b5041d258d21c4ed979aa5c
G16,ROB_G16_R55,0.3,two_camp_severe,1,0.55,55,50,40,Raw-GAT,0.12098568018836602,3.196887276187844,0.07401591954023717,0.0034914581447254324,0.5103052939810062,0,175eb6d5a4e1b8b45ec0e4fa43f29b97118e024753686246a73ea7884a73b003,80472b5d0d8c1a29778a8170bc6d2cafe93afed8fc677fd690fadb92be1fbbcc
G16,ROB_G16_R55,0.3,two_camp_severe,1,0.55,55,50,40,GlobalMean,0.11922561920186081,2.9382349610769296,0.06509531570158358,0.0026417148252774595,0.5103052939810062,0,4af20df671f90d785d765b345f036616fcaa1e4183f219d81a7abf92e10fef6e,80472b5d0d8c1a29778a8170bc6d2cafe93afed8fc677fd690fadb92be1fbbcc
G16,ROB_G16_R55,0.3,two_camp_severe,1,0.55,55,50,40,NodeMean,0.11276108812831113,3.0443970053651013,0.06520183289407513,0.0035058183383984663,0.5103052939810062,0,478318b4bc73aa1f41c0b6105b24e8ad34268a2bbd96ce2d60a11663bd6f8d00,80472b5d0d8c1a29778a8170bc6d2cafe93afed8fc677fd690fadb92be1fbbcc
G16,ROB_G16_R55,0.3,two_camp_severe,1,0.55,55,50,40,ASGC,0.12098568018836602,2.7070509359303103,0.058473710850925606,0.0025984022812476407,0.5103052939810062,0,175eb6d5a4e1b8b45ec0e4fa43f29b97118e024753686246a73ea7884a73b003,80472b5d0d8c1a29778a8170bc6d2cafe93afed8fc677fd690fadb92be1fbbcc
G16,ROB_G16_R70,0.3,two_camp_severe,1,0.7,70,63,27,Raw-GAT,0.10718892939841057,1.4633913874653137,0.03245454514533981,0.001513370298084631,0.5150538008033885,0,2cc666761335fed094e8faa01721c27a748c6f5819788f6f5154dfc5a7530069,6e6cfb8a2a5fcfd0a615d69dfb28c93f493f3e58c904e7ff1547cfead2c87a65
G16,ROB_G16_R70,0.3,two_camp_severe,1,0.7,70,63,27,GlobalMean,0.11598484665565784,1.5278336531002479,0.032776091851798556,0.0014818184472829461,0.5150538008033885,0,d3e0d21c2c8b3f272c0c4b1978d797faa0f48538c2e1d6dafa436b4ea009160a,6e6cfb8a2a5fcfd0a615d69dfb28c93f493f3e58c904e7ff1547cfead2c87a65
G16,ROB_G16_R70,0.3,two_camp_severe,1,0.7,70,63,27,NodeMean,0.10618547819063631,1.6241536426035523,0.0349760794896027,0.001282920239632418,0.5150538008033885,0,1f47b52d41f883e1158206fdea247dd5f783af34a4626f7f8fc878e9049a329e,6e6cfb8a2a5fcfd0a615d69dfb28c93f493f3e58c904e7ff1547cfead2c87a65
G16,ROB_G16_R70,0.3,two_camp_severe,1,0.7,70,63,27,ASGC,0.10718892939841057,1.4506002030832743,0.031067862742770694,0.0012607148420040563,0.5150538008033885,0,2cc666761335fed094e8faa01721c27a748c6f5819788f6f5154dfc5a7530069,6e6cfb8a2a5fcfd0a615d69dfb28c93f493f3e58c904e7ff1547cfead2c87a65
G17,ROB_G17_R40,0.3,minority_outlier,0,0.4,40,36,54,Raw-GAT,0.17347062974619895,4.85721072102716,0.1265945220552233,0.0037128915442977708,0.44021825932031494,0,2cd9fe2bb0ac27a4b3701c95f7b1504074f62db8848bbee9a5502086e1747216,6ba1ddda760046e4a8a628e8b413dd58532e1fdfe29cb51674cd37f827e1f566
G17,ROB_G17_R40,0.3,minority_outlier,0,0.4,40,36,54,GlobalMean,0.17092289962139912,4.727041689377914,0.1083103575778702,0.0036861076600694536,0.44021825932031494,0,2062f7d0bca3f4a15c3b49e4afd4278da2591e5fd35d2f493c31821a776eab3d,6ba1ddda760046e4a8a628e8b413dd58532e1fdfe29cb51674cd37f827e1f566
G17,ROB_G17_R40,0.3,minority_outlier,0,0.4,40,36,54,NodeMean,0.16444063417455512,4.591780882910372,0.1110471369391589,0.007170325877911374,0.44021825932031494,0,9eee2074d47a0b70fed06dab7c28df9db7ff1b94534a5f802c9bf500578b3b6c,6ba1ddda760046e4a8a628e8b413dd58532e1fdfe29cb51674cd37f827e1f566
G17,ROB_G17_R40,0.3,minority_outlier,0,0.4,40,36,54,ASGC,0.17347062974619895,3.970100597181978,0.09805175558172317,0.004461765687495131,0.44021825932031494,0,2cd9fe2bb0ac27a4b3701c95f7b1504074f62db8848bbee9a5502086e1747216,6ba1ddda760046e4a8a628e8b413dd58532e1fdfe29cb51674cd37f827e1f566
G17,ROB_G17_R55,0.3,minority_outlier,0,0.55,55,50,40,Raw-GAT,0.19926877243362986,5.464204870292492,0.13789375597408193,0.0046427587019495795,0.42930552132326083,0,a19fa2b4baf9d06054e118ef767a93df1e4b2e592d100b24ec2df38b3884af8a,c750102466399b4054001ba055d97191ce6fcf3417be5065d1c36eefc28cea68
G17,ROB_G17_R55,0.3,minority_outlier,0,0.55,55,50,40,GlobalMean,0.17443697935665245,4.942035093886004,0.10671546385832079,0.003037272807350449,0.42930552132326083,0,1d77d6e7518f70d064ecfc77cdf42c2ddbcd38d1d3ec05fbfa7ca0f4dd5e3160,c750102466399b4054001ba055d97191ce6fcf3417be5065d1c36eefc28cea68
G17,ROB_G17_R55,0.3,minority_outlier,0,0.55,55,50,40,NodeMean,0.17144777799377714,4.889866059860321,0.10931988149913698,0.003664156055366491,0.42930552132326083,0,31f93d311bb34a99a1bf6a2d6fa0341926c0850ecc9ef8747bbe147bcf09fd61,c750102466399b4054001ba055d97191ce6fcf3417be5065d1c36eefc28cea68
G17,ROB_G17_R55,0.3,minority_outlier,0,0.55,55,50,40,ASGC,0.19926877243362986,4.702777415694462,0.09917827763330052,0.0032868307073485245,0.42930552132326083,0,a19fa2b4baf9d06054e118ef767a93df1e4b2e592d100b24ec2df38b3884af8a,c750102466399b4054001ba055d97191ce6fcf3417be5065d1c36eefc28cea68
G17,ROB_G17_R70,0.3,minority_outlier,0,0.7,70,63,27,Raw-GAT,0.19904072890392197,4.891747771503829,0.09828535036509908,0.002346129404678645,0.4283457455725131,0,2258f3ed1d95663e9848c66fbe018fc5d3503cd8b45c6c50ce1ec40cf6df3fb2,af4526d0e0714c918e2c31eaa2085dad9aa1e197db67dc65394ad46edf81bca9
G17,ROB_G17_R70,0.3,minority_outlier,0,0.7,70,63,27,GlobalMean,0.19150655709299322,4.582343633316537,0.10006138259576125,0.002497855144540815,0.4283457455725131,0,9d543caf6e9c034781ffe3a3e0c0e9ecee65f4122adb6152bc7612ffea9a614a,af4526d0e0714c918e2c31eaa2085dad9aa1e197db67dc65394ad46edf81bca9
G17,ROB_G17_R70,0.3,minority_outlier,0,0.7,70,63,27,NodeMean,0.1849753457270873,4.701399370122023,0.10585566248951707,0.002729776037987828,0.4283457455725131,0,dbcc1b753f71b40bc1aa79277e0d492871762886bcbff53bfb58a3ada663d3d1,af4526d0e0714c918e2c31eaa2085dad9aa1e197db67dc65394ad46edf81bca9
G17,ROB_G17_R70,0.3,minority_outlier,0,0.7,70,63,27,ASGC,0.19904072890392197,4.694496297127568,0.10491062173804147,0.0026810234702754356,0.4283457455725131,0,2258f3ed1d95663e9848c66fbe018fc5d3503cd8b45c6c50ce1ec40cf6df3fb2,af4526d0e0714c918e2c31eaa2085dad9aa1e197db67dc65394ad46edf81bca9
G18,ROB_G18_R40,0.3,minority_outlier,1,0.4,40,36,54,Raw-GAT,0.12490693108694702,3.972862695235033,0.0923265064769721,0.004443844405501313,0.47968904566645537,0,143cb2759136d95451138d783144327ce445e69e34b0342d9b30c6e5838493e8,a2606ab087bbb686971112c2641e74acf875984323d1aed7266e64079f44d285
G18,ROB_G18_R40,0.3,minority_outlier,1,0.4,40,36,54,GlobalMean,0.12223937827588542,3.440359426764274,0.08264036872087958,0.00356299407372164,0.47968904566645537,0,0229e3a2a9e4477f1eda1ff2ecbea7654f5b3b0c9c5c0c3895703026ebbf8817,a2606ab087bbb686971112c2641e74acf875984323d1aed7266e64079f44d285
G18,ROB_G18_R40,0.3,minority_outlier,1,0.4,40,36,54,NodeMean,0.14280041546940445,5.7445617345910325,0.1374101080054322,0.012817736279951702,0.47968904566645537,0,4e6ea252c69c6913e17b025f86b0bb0c3fd46e89cdd3f8443992190e9fba57c1,a2606ab087bbb686971112c2641e74acf875984323d1aed7266e64079f44d285
G18,ROB_G18_R40,0.3,minority_outlier,1,0.4,40,36,54,ASGC,0.12490693108694702,3.2266573318182554,0.0754955467677935,0.005804918511197479,0.47968904566645537,0,143cb2759136d95451138d783144327ce445e69e34b0342d9b30c6e5838493e8,a2606ab087bbb686971112c2641e74acf875984323d1aed7266e64079f44d285
G18,ROB_G18_R55,0.3,minority_outlier,1,0.55,55,50,40,Raw-GAT,0.11671862596747021,2.9246083006885764,0.06805013854020395,0.002818149259644491,0.4749003293914327,0,1bb2adc0efd597b515ad38574f9af446e4d372972922f7873c67ed041d7e420c,612a91a9ba324bbd1fc2f3e1194c86e52b4215c01ad3d124b8bd7919e47f8fbf
G18,ROB_G18_R55,0.3,minority_outlier,1,0.55,55,50,40,GlobalMean,0.12488249999576587,2.1991189058973326,0.05087075279743031,0.0025224636586311995,0.4749003293914327,0,021b27c3070fde2b9ef3687fd37dd75acbc483483e999333c18bd90cec6da40c,612a91a9ba324bbd1fc2f3e1194c86e52b4215c01ad3d124b8bd7919e47f8fbf
G18,ROB_G18_R55,0.3,minority_outlier,1,0.55,55,50,40,NodeMean,0.13813410964199607,4.392330110606526,0.10285623954641022,0.007752246759767443,0.4749003293914327,0,20f32177f99ca0466b8b4ed228346988bd02748c75970f1ec5c1e52febd8c09d,612a91a9ba324bbd1fc2f3e1194c86e52b4215c01ad3d124b8bd7919e47f8fbf
G18,ROB_G18_R55,0.3,minority_outlier,1,0.55,55,50,40,ASGC,0.11671862596747021,2.972078500841273,0.07056159598999484,0.004659079871678907,0.4749003293914327,0,1bb2adc0efd597b515ad38574f9af446e4d372972922f7873c67ed041d7e420c,612a91a9ba324bbd1fc2f3e1194c86e52b4215c01ad3d124b8bd7919e47f8fbf
G18,ROB_G18_R70,0.3,minority_outlier,1,0.7,70,63,27,Raw-GAT,0.12671914742094664,2.1631635356135384,0.0508525579635485,0.001964741706728912,0.4810719628100618,0,641da4ff3fb1d57bef0607a825c51069d8b7891dbba3025f418a2a51e2f9f396,095a6438102ba3231c76ee0074859f27a200051da1366a0d25c7088b0b5f5492
G18,ROB_G18_R70,0.3,minority_outlier,1,0.7,70,63,27,GlobalMean,0.12410377403756687,2.086925426893829,0.05101043674155853,0.0021374686559941895,0.4810719628100618,0,5ca3949f6a252faaba38644b3160a813d6ec38206ebe6be360b85095ef8bbef3,095a6438102ba3231c76ee0074859f27a200051da1366a0d25c7088b0b5f5492
G18,ROB_G18_R70,0.3,minority_outlier,1,0.7,70,63,27,NodeMean,0.11831517391308584,2.557219009239631,0.06090225213165805,0.0019330543347804683,0.4810719628100618,0,179d4ca578031c5460be01c2cc0ab2ce7c83c75c551aea158d20b75e8cd93480,095a6438102ba3231c76ee0074859f27a200051da1366a0d25c7088b0b5f5492
G18,ROB_G18_R70,0.3,minority_outlier,1,0.7,70,63,27,ASGC,0.12671914742094664,2.2415453857697125,0.053026445602808656,0.0016558368884183477,0.4810719628100618,0,641da4ff3fb1d57bef0607a825c51069d8b7891dbba3025f418a2a51e2f9f396,095a6438102ba3231c76ee0074859f27a200051da1366a0d25c7088b0b5f5492
G19,ROB_G19_R40,0.3,three_camp,0,0.4,40,36,54,Raw-GAT,0.13786889623193077,4.16920423686393,0.08153268198350329,0.0048828998239864,0.5577410395902684,0,b08df9b57648222af58501a932ff02111d52817a249f332f316c7d3bd8d59a88,bb5be916736b8355fc83a17f2f8188143e4dc1cba803b87d939148141f28ac10
G19,ROB_G19_R40,0.3,three_camp,0,0.4,40,36,54,GlobalMean,0.13652032325543925,4.509097092724103,0.08984798814656786,0.005070715011770925,0.5577410395902684,0,1d82cd1c0c3c67e568b1d2ed4c6d39a9bfa65b02fa41dd098c166f5089d1b15b,bb5be916736b8355fc83a17f2f8188143e4dc1cba803b87d939148141f28ac10
G19,ROB_G19_R40,0.3,three_camp,0,0.4,40,36,54,NodeMean,0.14559696165399616,5.080446029177627,0.1015371754650375,0.00690932709134802,0.5577410395902684,0,46c392a24a8cfdf0febdcd3dba317cd964186d2520ef099d164a661fc7571c8d,bb5be916736b8355fc83a17f2f8188143e4dc1cba803b87d939148141f28ac10
G19,ROB_G19_R40,0.3,three_camp,0,0.4,40,36,54,ASGC,0.13786889623193077,4.34385010968616,0.07906926848632836,0.0043800404730482,0.5577410395902684,0,b08df9b57648222af58501a932ff02111d52817a249f332f316c7d3bd8d59a88,bb5be916736b8355fc83a17f2f8188143e4dc1cba803b87d939148141f28ac10
G19,ROB_G19_R55,0.3,three_camp,0,0.55,55,50,40,Raw-GAT,0.13962868848916316,3.234096407919665,0.058083371537439726,0.004842620464480933,0.5580311840232498,0,43c943af4c80f67995affb6cd80e9700b0c93f78758b41a11bad6d0eeef1659b,46179a02790d8579f542874abaee14c9d504145e82097d013264053448d5ebbf
G19,ROB_G19_R55,0.3,three_camp,0,0.55,55,50,40,GlobalMean,0.14033394311034963,3.4513606835285846,0.06840710059637098,0.003864557549318004,0.5580311840232498,0,39f797f1c5647afa53aa26874225ef8923abbed7cb42509dd9f0ca5a704bed36,46179a02790d8579f542874abaee14c9d504145e82097d013264053448d5ebbf
G19,ROB_G19_R55,0.3,three_camp,0,0.55,55,50,40,NodeMean,0.12466624003805427,2.857687864426586,0.059578541008700095,0.0021102282044389783,0.5580311840232498,0,6a389942748a3f113f67a925188185bfd62a684d6320167c2154b28c31526b85,46179a02790d8579f542874abaee14c9d504145e82097d013264053448d5ebbf
G19,ROB_G19_R55,0.3,three_camp,0,0.55,55,50,40,ASGC,0.13962868848916316,2.639166158761494,0.05050908239469229,0.0027488434146377104,0.5580311840232498,0,43c943af4c80f67995affb6cd80e9700b0c93f78758b41a11bad6d0eeef1659b,46179a02790d8579f542874abaee14c9d504145e82097d013264053448d5ebbf
G19,ROB_G19_R70,0.3,three_camp,0,0.7,70,63,27,Raw-GAT,0.15476477728923313,2.928218592688648,0.059889370921204804,0.0028293916025947143,0.5537663952518479,0,2fee3419e0460b125587a787b91e9dc7b68d9cb54301eba184a26b5217dc4796,e0bcac86f89e4b5a9158008e7d8843db03c649e5b6f4834b9e6f67504f7e4c25
G19,ROB_G19_R70,0.3,three_camp,0,0.7,70,63,27,GlobalMean,0.15035331585467177,2.929935134545643,0.05803963639349691,0.0025792969131756167,0.5537663952518479,0,62a06c9b7fd6ca356b5f234518782545d024c49d9b369e52363bbf14a41a92eb,e0bcac86f89e4b5a9158008e7d8843db03c649e5b6f4834b9e6f67504f7e4c25
G19,ROB_G19_R70,0.3,three_camp,0,0.7,70,63,27,NodeMean,0.13302267577018492,2.419168991137964,0.04791703984732981,0.0022619331760526337,0.5537663952518479,0,3c549aa18ae0711aff96b537785280e7a0e23cf48643e438564f23de8ab30282,e0bcac86f89e4b5a9158008e7d8843db03c649e5b6f4834b9e6f67504f7e4c25
G19,ROB_G19_R70,0.3,three_camp,0,0.7,70,63,27,ASGC,0.15476477728923313,2.428917611044869,0.04735885278934339,0.0021045291352048434,0.5537663952518479,0,2fee3419e0460b125587a787b91e9dc7b68d9cb54301eba184a26b5217dc4796,e0bcac86f89e4b5a9158008e7d8843db03c649e5b6f4834b9e6f67504f7e4c25
G20,ROB_G20_R40,0.3,three_camp,1,0.4,40,36,54,Raw-GAT,0.14857980676057933,3.917352899034586,0.05445191266500765,0.002669427046353708,0.531733669210359,0,2ef2fbe518ab129bd432f5e805c3d5679777f4e73b79b933bfe7ee1fdc16495f,ebee6dfa7aefa59b9e43a88a97483f697dd01a9ea9f638f37cd8cee2157a2fa4
G20,ROB_G20_R40,0.3,three_camp,1,0.4,40,36,54,GlobalMean,0.14464674676190103,4.686153055487869,0.09853302180424121,0.004107951565320441,0.531733669210359,0,d99209e513ec6246d7d882cee6e25e1ddda7cba3cdcd6453247a4eb6002446af,ebee6dfa7aefa59b9e43a88a97483f697dd01a9ea9f638f37cd8cee2157a2fa4
G20,ROB_G20_R40,0.3,three_camp,1,0.4,40,36,54,NodeMean,0.14248258498603025,4.447960008138287,0.09851029167893996,0.008748766367248128,0.531733669210359,0,2b75665a3383406c0965f4ef20390923d27ca620a9fd004a6d193b32880c4fbc,ebee6dfa7aefa59b9e43a88a97483f697dd01a9ea9f638f37cd8cee2157a2fa4
G20,ROB_G20_R40,0.3,three_camp,1,0.4,40,36,54,ASGC,0.14857980676057933,3.4221302500198494,0.06029255193657618,0.0041734610066693125,0.531733669210359,0,2ef2fbe518ab129bd432f5e805c3d5679777f4e73b79b933bfe7ee1fdc16495f,ebee6dfa7aefa59b9e43a88a97483f697dd01a9ea9f638f37cd8cee2157a2fa4
G20,ROB_G20_R55,0.3,three_camp,1,0.55,55,50,40,Raw-GAT,0.1241844672164369,3.149990983470861,0.06597878672583014,0.002204387116292251,0.5203772200013277,0,e92a6135fb0fe9b51655e8432322eee0f84af04bb8378fdaad155836c8421e80,9bd5fe0b792b42619b83b5bc7be90e08c3e885ce97a5938b4a1831fc0ead5d3e
G20,ROB_G20_R55,0.3,three_camp,1,0.55,55,50,40,GlobalMean,0.1323924314156459,3.4567296763306588,0.0717195512909957,0.0024273841554062797,0.5203772200013277,0,90d6d297d3666acc37a539f94f4e61cff0abfd6dac583d98d3f447cc32d9e0ce,9bd5fe0b792b42619b83b5bc7be90e08c3e885ce97a5938b4a1831fc0ead5d3e
G20,ROB_G20_R55,0.3,three_camp,1,0.55,55,50,40,NodeMean,0.1295146868134251,3.676073487804024,0.07273122509139948,0.004900908653500493,0.5203772200013277,0,8bf0236030e3e0158658986634012042016edabb99c457c3f4d2f1f0ecffab1b,9bd5fe0b792b42619b83b5bc7be90e08c3e885ce97a5938b4a1831fc0ead5d3e
G20,ROB_G20_R55,0.3,three_camp,1,0.55,55,50,40,ASGC,0.1241844672164369,3.205768410883186,0.06025947344064288,0.002617215759869968,0.5203772200013277,0,e92a6135fb0fe9b51655e8432322eee0f84af04bb8378fdaad155836c8421e80,9bd5fe0b792b42619b83b5bc7be90e08c3e885ce97a5938b4a1831fc0ead5d3e
G20,ROB_G20_R70,0.3,three_camp,1,0.7,70,63,27,Raw-GAT,0.1206011300489544,2.5795335251025304,0.05090730157310447,0.002137090812382966,0.514171211501494,0,83ee7cc04a18565c2a81e014009b6d9f0d2c6d7bcc89050b7e6c4ac16df9d07d,ee9f2d78e07cd547c2a5432034192cfe4dca527330969fbb7f3519f7c2f09ff2
G20,ROB_G20_R70,0.3,three_camp,1,0.7,70,63,27,GlobalMean,0.13003995097821622,2.820772814481904,0.05126488057881999,0.0020766908236446104,0.514171211501494,0,1a70e26296e2fe23f00307158151fa193e8cfd1e2c6dbeb149dc9d821f914931,ee9f2d78e07cd547c2a5432034192cfe4dca527330969fbb7f3519f7c2f09ff2
G20,ROB_G20_R70,0.3,three_camp,1,0.7,70,63,27,NodeMean,0.0989880324711048,1.823613603178838,0.02970780982136731,0.0018706985113545512,0.514171211501494,0,333c7ba6c23f4470753429c7bb84642bd0b84169a2712b0ff5d2f0edab34641a,ee9f2d78e07cd547c2a5432034192cfe4dca527330969fbb7f3519f7c2f09ff2
G20,ROB_G20_R70,0.3,three_camp,1,0.7,70,63,27,ASGC,0.1206011300489544,2.1372968909255015,0.03702152934956075,0.0015021939445418666,0.514171211501494,0,83ee7cc04a18565c2a81e014009b6d9f0d2c6d7bcc89050b7e6c4ac16df9d07d,ee9f2d78e07cd547c2a5432034192cfe4dca527330969fbb7f3519f7c2f09ff2
