Comparison,Metric,Scenario count,ASGC mean,Reference mean,Mean difference,95% CI lower,95% CI upper,Relative change percent,ASGC lower at 95%,Bootstrap repetitions,Bootstrap seed
ASGC - Raw-GAT,E_c,20,3.0947429026378512,3.742634568310348,-0.6478916656724969,-1.0057396760323525,-0.2997767511475431,-17.311112101574867,True,3000,2026090213
ASGC - Raw-GAT,E_w,20,0.06681827965398979,0.077723001679823,-0.010904722025833199,-0.018311004262111342,-0.00381740572272371,-14.0302378834451,True,3000,2026090213
ASGC - Raw-GAT,E_x,20,0.004317355194915643,0.005043388358987472,-0.0007260331640718295,-0.0014314592711835875,-3.251868517401504e-05,-14.395741759169038,True,3000,2026090213
ASGC - GlobalMean,E_c,20,3.0947429026378512,3.6540690415364168,-0.5593261388985651,-0.8948384134920155,-0.2316735333293525,-15.306939538925262,True,3000,2026090213
ASGC - GlobalMean,E_w,20,0.06681827965398979,0.0765830138859663,-0.009764734231976501,-0.01708587809928887,-0.0025319722762900346,-12.750522258782336,True,3000,2026090213
ASGC - GlobalMean,E_x,20,0.004317355194915643,0.0048798390024717125,-0.0005624838075560699,-0.001694624554402526,0.0004974485379683243,-11.526687812265186,False,3000,2026090213
ASGC - NodeMean,E_c,20,3.0947429026378512,3.9083831641948272,-0.8136402615569761,-1.2361318497473333,-0.44272459761162947,-20.817822290578707,True,3000,2026090213
ASGC - NodeMean,E_w,20,0.06681827965398979,0.08610041411561124,-0.01928213446162146,-0.02993775630373851,-0.010695313690938247,-22.394938119264317,True,3000,2026090213
ASGC - NodeMean,E_x,20,0.004317355194915643,0.005541505225699858,-0.0012241500307842144,-0.0020507594239517406,-0.0004637486484977505,-22.09056891450665,True,3000,2026090213
